2020-10-07 16:47:47,fan_on,37.972
2020-10-07 16:47:48,fan_on,36.511
2020-10-07 16:47:49,fan_on,36.511
2020-10-07 16:47:50,fan_on,36.511
2020-10-07 16:47:51,fan_on,37.485
2020-10-07 16:47:53,fan_on,37.485
2020-10-07 16:47:54,fan_on,37.485
2020-10-07 16:47:55,fan_on,36.998
2020-10-07 16:47:56,fan_on,37.485
2020-10-07 16:47:57,fan_on,37.485
2020-10-07 16:47:58,fan_on,36.998
2020-10-07 16:47:59,fan_on,36.511
2020-10-07 16:48:00,fan_on,37.972
2020-10-07 16:48:01,fan_on,36.998
2020-10-07 16:48:02,fan_on,36.998
2020-10-07 16:48:03,fan_on,36.998
2020-10-07 16:48:04,fan_on,36.511
2020-10-07 16:48:05,fan_on,36.998
2020-10-07 16:48:06,fan_on,37.972
2020-10-07 16:48:07,fan_on,37.485
2020-10-07 16:48:08,fan_on,36.511
2020-10-07 16:48:09,fan_on,36.998
2020-10-07 16:48:10,fan_on,36.511
2020-10-07 16:48:11,fan_on,37.485
2020-10-07 16:48:12,fan_on,36.024
2020-10-07 16:48:13,fan_on,36.998
2020-10-07 16:48:14,fan_on,37.972
2020-10-07 16:48:15,fan_on,37.972
2020-10-07 16:48:16,fan_on,36.024
2020-10-07 16:48:17,fan_on,36.024
2020-10-07 16:48:18,fan_on,36.998
2020-10-07 16:48:19,fan_on,37.972
2020-10-07 16:48:20,fan_on,36.511
2020-10-07 16:48:21,fan_on,36.024
2020-10-07 16:48:22,fan_on,36.511
2020-10-07 16:48:23,fan_on,37.485
2020-10-07 16:48:24,fan_on,36.998
2020-10-07 16:48:25,fan_on,36.511
2020-10-07 16:48:26,fan_on,36.998
2020-10-07 16:48:27,fan_on,36.998
2020-10-07 16:48:28,fan_on,36.511
2020-10-07 16:48:29,fan_on,36.998
2020-10-07 16:48:30,fan_on,36.024
2020-10-07 16:48:31,fan_on,36.024
2020-10-07 16:48:32,fan_on,36.511
2020-10-07 16:48:33,fan_on,36.511
2020-10-07 16:48:34,fan_on,36.511
2020-10-07 16:48:35,fan_on,36.024
2020-10-07 16:48:36,fan_on,36.511
2020-10-07 16:48:37,fan_on,36.511
2020-10-07 16:48:38,fan_on,36.998
2020-10-07 16:48:39,fan_on,37.485
2020-10-07 16:48:40,fan_on,36.998
2020-10-07 16:48:41,fan_on,36.511
2020-10-07 16:48:42,fan_on,36.511
2020-10-07 16:48:43,fan_on,36.998
2020-10-07 16:48:44,fan_on,36.511
2020-10-07 16:48:45,fan_on,36.998
2020-10-07 16:48:46,fan_on,36.024
2020-10-07 16:48:47,fan_on,35.05
2020-10-07 16:48:48,fan_on,36.998
2020-10-07 16:48:49,fan_on,36.024
2020-10-07 16:48:50,fan_on,36.024
2020-10-07 16:48:51,fan_on,36.511
2020-10-07 16:48:52,fan_on,36.511
2020-10-07 16:48:53,fan_on,36.998
2020-10-07 16:48:54,fan_on,36.511
2020-10-07 16:48:55,fan_on,36.998
2020-10-07 16:48:56,fan_on,36.998
2020-10-07 16:48:57,fan_on,35.05
2020-10-07 16:48:58,fan_on,35.537
2020-10-07 16:48:59,fan_on,36.998
2020-10-07 16:49:00,fan_on,36.024
2020-10-07 16:49:01,fan_on,37.972
2020-10-07 16:49:02,fan_on,36.024
2020-10-07 16:49:03,fan_on,36.998
2020-10-07 16:49:04,fan_on,36.024
2020-10-07 16:49:05,fan_on,36.511
2020-10-07 16:49:06,fan_on,36.998
2020-10-07 16:49:07,fan_on,36.998
2020-10-07 16:49:08,fan_on,37.485
2020-10-07 16:49:09,fan_on,36.024
2020-10-07 16:49:10,fan_on,36.511
2020-10-07 16:49:11,fan_on,36.511
2020-10-07 16:49:12,fan_on,36.024
2020-10-07 16:49:13,fan_on,36.024
2020-10-07 16:49:14,fan_on,36.511
2020-10-07 16:49:15,fan_on,36.511
2020-10-07 16:49:16,fan_on,35.537
2020-10-07 16:49:17,fan_on,36.511
2020-10-07 16:49:18,fan_on,36.024
2020-10-07 16:49:19,fan_on,36.998
2020-10-07 16:49:20,fan_on,36.511
2020-10-07 16:49:21,fan_on,35.537
2020-10-07 16:49:22,fan_on,36.998
2020-10-07 16:49:23,fan_on,36.511
2020-10-07 16:49:24,fan_on,36.511
2020-10-07 16:49:25,fan_on,36.998
2020-10-07 16:49:26,fan_on,37.485
2020-10-07 16:49:27,fan_on,36.511
2020-10-07 16:49:28,fan_on,36.511
2020-10-07 16:49:29,fan_on,36.998
2020-10-07 16:49:30,fan_on,37.485
2020-10-07 16:49:31,fan_on,37.485
2020-10-07 16:49:32,fan_on,36.998
2020-10-07 16:49:33,fan_on,36.511
2020-10-07 16:49:34,fan_on,36.024
2020-10-07 16:49:35,fan_on,37.485
2020-10-07 16:49:36,fan_on,37.972
2020-10-07 16:49:37,fan_on,36.024
2020-10-07 16:49:38,fan_on,37.485
2020-10-07 16:49:39,fan_on,37.485
2020-10-07 16:49:40,fan_on,37.485
2020-10-07 16:49:41,fan_on,37.972
2020-10-07 16:49:42,fan_on,36.998
2020-10-07 16:49:43,fan_on,36.024
2020-10-07 16:49:44,fan_on,37.485
2020-10-07 16:49:45,fan_on,36.024
2020-10-07 16:49:46,fan_on,36.511
2020-10-07 16:49:47,fan_on,37.485
2020-10-07 16:49:48,fan_on,36.024
2020-10-07 16:49:49,fan_on,36.998
2020-10-07 16:49:50,fan_on,36.511
2020-10-07 16:49:51,fan_on,36.511
2020-10-07 16:49:52,fan_on,37.485
2020-10-07 16:49:53,fan_on,36.998
2020-10-07 16:49:54,fan_on,36.511
2020-10-07 16:49:55,fan_on,36.511
2020-10-07 16:49:56,fan_on,36.024
2020-10-07 16:49:57,fan_on,36.024
2020-10-07 16:49:58,fan_on,37.485
2020-10-07 16:49:59,fan_on,36.998
2020-10-07 16:50:00,fan_on,36.998
2020-10-07 16:50:01,fan_on,35.537
2020-10-07 16:50:02,fan_on,36.998
2020-10-07 16:50:03,fan_on,36.511
2020-10-07 16:50:04,fan_on,36.511
2020-10-07 16:50:05,fan_on,36.024
2020-10-07 16:50:06,fan_on,37.485
2020-10-07 16:50:07,fan_on,38.946
2020-10-07 16:50:08,fan_on,37.972
2020-10-07 16:50:09,fan_on,36.998
2020-10-07 16:50:10,fan_on,37.485
2020-10-07 16:50:11,fan_on,37.485
2020-10-07 16:50:12,fan_on,37.972
2020-10-07 16:50:13,fan_on,36.511
2020-10-07 16:50:14,fan_on,36.511
2020-10-07 16:50:15,fan_on,36.998
2020-10-07 16:50:16,fan_on,36.511
2020-10-07 16:50:17,fan_on,36.998
2020-10-07 16:50:18,fan_on,36.511
2020-10-07 16:50:19,fan_on,36.998
2020-10-07 16:50:20,fan_on,36.511
2020-10-07 16:50:21,fan_on,36.511
2020-10-07 16:50:22,fan_on,36.998
2020-10-07 16:50:23,fan_on,36.511
2020-10-07 16:50:24,fan_on,36.998
2020-10-07 16:50:25,fan_on,36.024
2020-10-07 16:50:26,fan_on,36.024
2020-10-07 16:50:27,fan_on,36.998
2020-10-07 16:50:28,fan_on,37.972
2020-10-07 16:50:29,fan_on,36.024
2020-10-07 16:50:30,fan_on,37.485
2020-10-07 16:50:31,fan_on,36.511
2020-10-07 16:50:32,fan_on,36.998
2020-10-07 16:50:33,fan_on,36.024
2020-10-07 16:50:34,fan_on,35.537
2020-10-07 16:50:35,fan_on,36.511
2020-10-07 16:50:36,fan_on,35.05
2020-10-07 16:50:37,fan_on,36.024
2020-10-07 16:50:38,fan_on,36.024
2020-10-07 16:50:39,fan_on,38.459
2020-10-07 16:50:40,fan_on,36.998
2020-10-07 16:50:41,fan_on,36.511
2020-10-07 16:50:42,fan_on,36.024
2020-10-07 16:50:43,fan_on,36.998
2020-10-07 16:50:44,fan_on,36.511
2020-10-07 16:50:45,fan_on,36.511
2020-10-07 16:50:46,fan_on,36.024
2020-10-07 16:50:47,fan_on,36.511
2020-10-07 16:50:48,fan_on,36.024
2020-10-07 16:50:49,fan_on,36.024
2020-10-07 16:50:50,fan_on,35.05
2020-10-07 16:50:51,fan_on,36.998
2020-10-07 16:50:52,fan_on,36.024
2020-10-07 16:50:53,fan_on,36.511
2020-10-07 16:50:54,fan_on,36.024
2020-10-07 16:50:55,fan_on,36.511
2020-10-07 16:50:56,fan_on,36.998
2020-10-07 16:50:57,fan_on,36.511
2020-10-07 16:50:58,fan_on,36.998
2020-10-07 16:50:59,fan_on,36.024
2020-10-07 16:51:00,fan_on,36.511
2020-10-07 16:51:01,fan_on,37.485
2020-10-07 16:51:02,fan_on,36.511
2020-10-07 16:51:03,fan_on,37.485
2020-10-07 16:51:04,fan_on,36.024
2020-10-07 16:51:05,fan_on,36.511
2020-10-07 16:51:06,fan_on,36.024
2020-10-07 16:51:07,fan_on,36.511
2020-10-07 16:51:08,fan_on,36.024
2020-10-07 16:51:09,fan_on,36.024
2020-10-07 16:51:10,fan_on,36.511
2020-10-07 16:51:11,fan_on,35.537
2020-10-07 16:51:12,fan_on,36.998
2020-10-07 16:51:13,fan_on,36.024
2020-10-07 16:51:14,fan_on,36.024
2020-10-07 16:51:15,fan_on,36.511
2020-10-07 16:51:16,fan_on,36.511
2020-10-07 16:51:17,fan_on,36.024
2020-10-07 16:51:18,fan_on,36.024
2020-10-07 16:51:19,fan_on,36.511
2020-10-07 16:51:20,fan_on,36.511
2020-10-07 16:51:21,fan_on,36.511
2020-10-07 16:51:22,fan_on,36.511
2020-10-07 16:51:23,fan_on,36.024
2020-10-07 16:51:24,fan_on,36.511
2020-10-07 16:51:25,fan_on,36.511
2020-10-07 16:51:26,fan_on,35.537
2020-10-07 16:51:27,fan_on,36.024
2020-10-07 16:51:28,fan_on,36.024
2020-10-07 16:51:29,fan_on,36.511
2020-10-07 16:51:30,fan_on,36.511
2020-10-07 16:51:31,fan_on,36.511
2020-10-07 16:51:32,fan_on,35.537
2020-10-07 16:51:33,fan_on,36.024
2020-10-07 16:51:34,fan_on,35.05
2020-10-07 16:51:35,fan_on,36.024
2020-10-07 16:51:36,fan_on,36.024
2020-10-07 16:51:37,fan_on,35.537
2020-10-07 16:51:38,fan_on,35.537
2020-10-07 16:51:39,fan_on,35.537
2020-10-07 16:51:40,fan_on,36.024
2020-10-07 16:51:41,fan_on,35.537
2020-10-07 16:51:42,fan_on,36.024
2020-10-07 16:51:43,fan_on,36.511
2020-10-07 16:51:44,fan_on,35.537
2020-10-07 16:51:45,fan_on,35.05
2020-10-07 16:51:46,fan_on,35.537
2020-10-07 16:51:47,fan_on,36.024
2020-10-07 16:51:48,fan_on,36.511
2020-10-07 16:51:49,fan_on,35.537
2020-10-07 16:51:50,fan_on,35.537
2020-10-07 16:51:51,fan_on,34.563
2020-10-07 16:51:52,fan_on,36.024
2020-10-07 16:51:53,fan_on,34.076
2020-10-07 16:51:54,fan_on,35.537
2020-10-07 16:51:55,fan_on,36.024
2020-10-07 16:51:56,fan_on,35.537
2020-10-07 16:51:57,fan_on,34.563
2020-10-07 16:51:58,fan_on,36.024
2020-10-07 16:51:59,fan_on,34.563
2020-10-07 16:52:00,fan_on,35.537
2020-10-07 16:52:01,fan_on,35.537
2020-10-07 16:52:02,fan_on,36.024
2020-10-07 16:52:03,fan_on,34.563
2020-10-07 16:52:04,fan_on,35.537
2020-10-07 16:52:05,fan_on,36.024
2020-10-07 16:52:06,fan_on,35.05
2020-10-07 16:52:07,fan_on,36.998
2020-10-07 16:52:08,fan_on,35.537
2020-10-07 16:52:09,fan_on,35.537
2020-10-07 16:52:10,fan_on,34.076
2020-10-07 16:52:11,fan_on,36.511
2020-10-07 16:52:12,fan_on,36.024
2020-10-07 16:52:13,fan_on,36.024
2020-10-07 16:52:14,fan_on,35.537
2020-10-07 16:52:15,fan_on,37.485
2020-10-07 16:52:16,fan_on,37.972
2020-10-07 16:52:17,fan_on,37.972
2020-10-07 16:52:18,fan_on,37.485
2020-10-07 16:52:19,fan_on,35.537
2020-10-07 16:52:20,fan_on,36.511
2020-10-07 16:52:21,fan_on,36.511
2020-10-07 16:52:22,fan_on,36.511
2020-10-07 16:52:23,fan_on,36.024
2020-10-07 16:52:24,fan_on,36.511
2020-10-07 16:52:25,fan_on,35.537
2020-10-07 16:52:26,fan_on,36.024
2020-10-07 16:52:27,fan_on,36.511
2020-10-07 16:52:28,fan_on,36.024
2020-10-07 16:52:29,fan_on,36.511
2020-10-07 16:52:30,fan_on,35.537
2020-10-07 16:52:31,fan_on,36.024
2020-10-07 16:52:32,fan_on,36.024
2020-10-07 16:52:33,fan_on,35.537
2020-10-07 16:52:34,fan_on,36.024
2020-10-07 16:52:35,fan_on,36.024
2020-10-07 16:52:36,fan_on,36.024
2020-10-07 16:52:37,fan_on,35.537
2020-10-07 16:52:38,fan_on,35.537
2020-10-07 16:52:39,fan_on,36.511
2020-10-07 16:52:40,fan_on,36.998
2020-10-07 16:52:41,fan_on,37.485
2020-10-07 16:52:42,fan_on,36.511
2020-10-07 16:52:43,fan_on,36.511
2020-10-07 16:52:44,fan_on,36.511
2020-10-07 16:52:45,fan_on,36.024
2020-10-07 16:52:46,fan_on,35.537
2020-10-07 16:52:47,fan_on,35.537
2020-10-07 16:52:48,fan_on,35.537
2020-10-07 16:52:49,fan_on,36.511
2020-10-07 16:52:50,fan_on,35.537
2020-10-07 16:52:51,fan_on,36.511
2020-10-07 16:52:52,fan_on,36.024
2020-10-07 16:52:53,fan_on,36.511
2020-10-07 16:52:54,fan_on,35.537
2020-10-07 16:52:55,fan_on,36.511
2020-10-07 16:52:56,fan_on,36.024
2020-10-07 16:52:57,fan_on,36.511
2020-10-07 16:52:58,fan_on,36.511
2020-10-07 16:52:59,fan_on,36.511
2020-10-07 16:53:00,fan_on,36.511
2020-10-07 16:53:01,fan_on,35.05
2020-10-07 16:53:02,fan_on,36.511
2020-10-07 16:53:03,fan_on,36.024
2020-10-07 16:53:04,fan_on,36.998
2020-10-07 16:53:05,fan_on,36.511
2020-10-07 16:53:06,fan_on,36.998
2020-10-07 16:53:07,fan_on,37.485
2020-10-07 16:53:08,fan_on,36.511
2020-10-07 16:53:09,fan_on,36.024
2020-10-07 16:53:10,fan_on,36.511
2020-10-07 16:53:11,fan_on,35.537
2020-10-07 16:53:12,fan_on,36.024
2020-10-07 16:53:13,fan_on,36.024
2020-10-07 16:53:14,fan_on,36.511
2020-10-07 16:53:15,fan_on,36.511
2020-10-07 16:53:16,fan_on,36.511
2020-10-07 16:53:17,fan_on,36.511
2020-10-07 16:53:18,fan_on,36.024
2020-10-07 16:53:19,fan_on,36.024
2020-10-07 16:53:20,fan_on,35.537
2020-10-07 16:53:21,fan_on,36.511
2020-10-07 16:53:22,fan_on,35.537
2020-10-07 16:53:23,fan_on,36.511
2020-10-07 16:53:24,fan_on,36.511
2020-10-07 16:53:25,fan_on,35.537
2020-10-07 16:53:26,fan_on,36.024
2020-10-07 16:53:27,fan_on,36.511
2020-10-07 16:53:28,fan_on,36.511
2020-10-07 16:53:29,fan_on,36.024
2020-10-07 16:53:30,fan_on,36.511
2020-10-07 16:53:31,fan_on,35.537
2020-10-07 16:53:32,fan_on,36.024
2020-10-07 16:53:33,fan_on,36.511
2020-10-07 16:53:34,fan_on,36.024
2020-10-07 16:53:35,fan_on,35.05
2020-10-07 16:53:36,fan_on,36.511
2020-10-07 16:53:37,fan_on,36.024
2020-10-07 16:53:38,fan_on,36.024
2020-10-07 16:53:39,fan_on,36.998
2020-10-07 16:53:40,fan_on,35.537
2020-10-07 16:53:41,fan_on,35.537
2020-10-07 16:53:42,fan_on,36.998
2020-10-07 16:53:43,fan_on,36.511
2020-10-07 16:53:44,fan_on,35.537
2020-10-07 16:53:45,fan_on,36.511
2020-10-07 16:53:46,fan_on,36.024
2020-10-07 16:53:47,fan_on,36.511
2020-10-07 16:53:48,fan_on,36.511
2020-10-07 16:53:49,fan_on,36.024
2020-10-07 16:53:50,fan_on,36.024
2020-10-07 16:53:51,fan_on,36.024
2020-10-07 16:53:52,fan_on,36.024
2020-10-07 16:53:53,fan_on,36.024
2020-10-07 16:53:54,fan_on,36.511
2020-10-07 16:53:55,fan_on,36.024
2020-10-07 16:53:56,fan_on,36.024
2020-10-07 16:53:57,fan_on,36.511
2020-10-07 16:53:58,fan_on,35.05
2020-10-07 16:53:59,fan_on,36.024
2020-10-07 16:54:00,fan_on,36.024
2020-10-07 16:54:01,fan_on,36.998
2020-10-07 16:54:02,fan_on,36.511
2020-10-07 16:54:03,fan_on,36.998
2020-10-07 16:54:04,fan_on,36.511
2020-10-07 16:54:05,fan_on,36.511
2020-10-07 16:54:06,fan_on,36.024
2020-10-07 16:54:07,fan_on,36.511
2020-10-07 16:54:08,fan_on,36.998
2020-10-07 16:54:09,fan_on,37.972
2020-10-07 16:54:10,fan_on,37.972
2020-10-07 16:54:11,fan_on,37.485
2020-10-07 16:54:12,fan_on,37.485
2020-10-07 16:54:13,fan_on,36.998
2020-10-07 16:54:14,fan_on,37.485
2020-10-07 16:54:15,fan_on,36.511
2020-10-07 16:54:16,fan_on,36.511
2020-10-07 16:54:17,fan_on,37.972
2020-10-07 16:54:18,fan_on,36.511
2020-10-07 16:54:19,fan_on,36.998
2020-10-07 16:54:20,fan_on,36.998
2020-10-07 16:54:21,fan_on,36.024
2020-10-07 16:54:22,fan_on,36.511
2020-10-07 16:54:23,fan_on,36.511
2020-10-07 16:54:24,fan_on,36.511
2020-10-07 16:54:25,fan_on,36.998
2020-10-07 16:54:26,fan_on,37.485
2020-10-07 16:54:27,fan_on,37.485
2020-10-07 16:54:28,fan_on,36.511
2020-10-07 16:54:29,fan_on,36.998
2020-10-07 16:54:30,fan_on,36.511
2020-10-07 16:54:31,fan_on,36.998
2020-10-07 16:54:32,fan_on,37.485
2020-10-07 16:54:33,fan_on,36.998
2020-10-07 16:54:34,fan_on,36.511
2020-10-07 16:54:35,fan_on,36.998
2020-10-07 16:54:36,fan_on,37.485
2020-10-07 16:54:37,fan_on,36.024
2020-10-07 16:54:39,fan_on,36.024
2020-10-07 16:54:40,fan_on,36.511
2020-10-07 16:54:41,fan_on,37.485
2020-10-07 16:54:42,fan_on,36.511
2020-10-07 16:54:43,fan_on,36.024
2020-10-07 16:54:44,fan_on,36.998
2020-10-07 16:54:45,fan_on,36.511
2020-10-07 16:54:46,fan_on,35.537
2020-10-07 16:54:47,fan_on,36.024
2020-10-07 16:54:48,fan_on,36.511
2020-10-07 16:54:49,fan_on,36.511
2020-10-07 16:54:50,fan_on,37.485
2020-10-07 16:54:51,fan_on,36.024
2020-10-07 16:54:52,fan_on,36.024
2020-10-07 16:54:53,fan_on,36.024
2020-10-07 16:54:54,fan_on,36.511
2020-10-07 16:54:55,fan_on,36.024
2020-10-07 16:54:56,fan_on,36.511
2020-10-07 16:54:57,fan_on,35.537
2020-10-07 16:54:58,fan_on,36.998
2020-10-07 16:54:59,fan_on,36.998
2020-10-07 16:55:00,fan_on,36.511
2020-10-07 16:55:01,fan_on,36.024
2020-10-07 16:55:02,fan_on,36.024
2020-10-07 16:55:03,fan_on,36.511
2020-10-07 16:55:04,fan_on,36.024
2020-10-07 16:55:05,fan_on,37.485
2020-10-07 16:55:06,fan_on,36.511
2020-10-07 16:55:07,fan_on,36.024
2020-10-07 16:55:08,fan_on,36.024
2020-10-07 16:55:09,fan_on,36.511
2020-10-07 16:55:10,fan_on,37.485
2020-10-07 16:55:11,fan_on,37.485
2020-10-07 16:55:12,fan_on,36.511
2020-10-07 16:55:13,fan_on,36.511
2020-10-07 16:55:14,fan_on,36.024
2020-10-07 16:55:15,fan_on,36.024
2020-10-07 16:55:16,fan_on,36.511
2020-10-07 16:55:17,fan_on,36.998
2020-10-07 16:55:18,fan_on,36.511
2020-10-07 16:55:19,fan_on,36.998
2020-10-07 16:55:20,fan_on,37.485
2020-10-07 16:55:21,fan_on,36.998
2020-10-07 16:55:22,fan_on,37.485
2020-10-07 16:55:23,fan_on,36.998
2020-10-07 16:55:24,fan_on,37.972
2020-10-07 16:55:25,fan_on,36.511
2020-10-07 16:55:26,fan_on,36.998
2020-10-07 16:55:27,fan_on,38.459
2020-10-07 16:55:28,fan_on,38.946
2020-10-07 16:55:29,fan_on,37.972
2020-10-07 16:55:30,fan_on,38.459
2020-10-07 16:55:31,fan_on,38.459
2020-10-07 16:55:32,fan_on,38.946
2020-10-07 16:55:33,fan_on,38.459
2020-10-07 16:55:34,fan_on,38.459
2020-10-07 16:55:35,fan_on,37.972
2020-10-07 16:55:36,fan_on,37.485
2020-10-07 16:55:37,fan_on,37.972
2020-10-07 16:55:38,fan_on,36.998
2020-10-07 16:55:39,fan_on,36.511
2020-10-07 16:55:40,fan_on,37.485
2020-10-07 16:55:41,fan_on,36.511
2020-10-07 16:55:42,fan_on,36.998
2020-10-07 16:55:43,fan_on,36.024
2020-10-07 16:55:44,fan_on,36.998
2020-10-07 16:55:45,fan_on,37.485
2020-10-07 16:55:46,fan_on,37.972
2020-10-07 16:55:47,fan_on,37.972
2020-10-07 16:55:48,fan_on,36.998
2020-10-07 16:55:49,fan_on,36.998
2020-10-07 16:55:50,fan_on,36.511
2020-10-07 16:55:51,fan_on,37.972
2020-10-07 16:55:52,fan_on,36.998
2020-10-07 16:55:53,fan_on,36.998
2020-10-07 16:55:54,fan_on,37.485
2020-10-07 16:55:55,fan_on,36.511
2020-10-07 16:55:56,fan_on,37.485
2020-10-07 16:55:57,fan_on,36.511
2020-10-07 16:55:58,fan_on,36.998
2020-10-07 16:55:59,fan_on,36.024
2020-10-07 16:56:00,fan_on,36.511
2020-10-07 16:56:01,fan_on,38.459
2020-10-07 16:56:02,fan_on,36.998
2020-10-07 16:56:03,fan_on,36.511
2020-10-07 16:56:04,fan_on,36.998
2020-10-07 16:56:05,fan_on,37.485
2020-10-07 16:56:06,fan_on,37.485
2020-10-07 16:56:07,fan_on,36.998
2020-10-07 16:56:08,fan_on,36.998
2020-10-07 16:56:09,fan_on,37.485
2020-10-07 16:56:10,fan_on,37.485
2020-10-07 16:56:11,fan_on,36.024
2020-10-07 16:56:12,fan_on,36.998
2020-10-07 16:56:13,fan_on,37.485
2020-10-07 16:56:14,fan_on,37.972
2020-10-07 16:56:15,fan_on,36.511
2020-10-07 16:56:16,fan_on,37.972
2020-10-07 16:56:17,fan_on,37.485
2020-10-07 16:56:18,fan_on,36.998
2020-10-07 16:56:19,fan_on,36.511
2020-10-07 16:56:20,fan_on,37.972
2020-10-07 16:56:21,fan_on,36.511
2020-10-07 16:56:22,fan_on,36.511
2020-10-07 16:56:23,fan_on,36.998
2020-10-07 16:56:24,fan_on,36.998
2020-10-07 16:56:25,fan_on,36.998
2020-10-07 16:56:26,fan_on,37.485
2020-10-07 16:56:27,fan_on,36.998
2020-10-07 16:56:28,fan_on,36.511
2020-10-07 16:56:29,fan_on,37.972
2020-10-07 16:56:30,fan_on,37.972
2020-10-07 16:56:31,fan_on,36.998
2020-10-07 16:56:32,fan_on,36.511
2020-10-07 16:56:33,fan_on,36.024
2020-10-07 16:56:34,fan_on,36.511
2020-10-07 16:56:35,fan_on,36.998
2020-10-07 16:56:36,fan_on,37.485
2020-10-07 16:56:37,fan_on,37.485
2020-10-07 16:56:38,fan_on,36.998
2020-10-07 16:56:39,fan_on,36.511
2020-10-07 16:56:40,fan_on,36.511
2020-10-07 16:56:41,fan_on,37.485
2020-10-07 16:56:42,fan_on,36.998
2020-10-07 16:56:43,fan_on,37.972
2020-10-07 16:56:44,fan_on,38.459
2020-10-07 16:56:45,fan_on,37.485
2020-10-07 16:56:46,fan_on,36.511
2020-10-07 16:56:47,fan_on,36.024
2020-10-07 16:56:48,fan_on,36.511
2020-10-07 16:56:49,fan_on,36.024
2020-10-07 16:56:50,fan_on,36.998
2020-10-07 16:56:51,fan_on,36.998
2020-10-07 16:56:52,fan_on,36.511
2020-10-07 16:56:53,fan_on,37.485
2020-10-07 16:56:54,fan_on,37.485
2020-10-07 16:56:55,fan_on,36.998
2020-10-07 16:56:56,fan_on,38.459
2020-10-07 16:56:57,fan_on,39.433
2020-10-07 16:56:58,fan_on,39.433
2020-10-07 16:56:59,fan_on,41.381
2020-10-07 16:57:00,fan_on,39.92
2020-10-07 16:57:01,fan_on,39.92
2020-10-07 16:57:02,fan_on,40.407
2020-10-07 16:57:03,fan_on,41.381
2020-10-07 16:57:04,fan_on,39.92
2020-10-07 16:57:05,fan_on,41.868
2020-10-07 16:57:06,fan_on,41.868
2020-10-07 16:57:07,fan_on,40.894
2020-10-07 16:57:08,fan_on,40.407
2020-10-07 16:57:09,fan_on,42.842
2020-10-07 16:57:10,fan_on,42.355
2020-10-07 16:57:11,fan_on,41.381
2020-10-07 16:57:12,fan_on,43.329
2020-10-07 16:57:13,fan_on,41.868
2020-10-07 16:57:14,fan_on,40.894
2020-10-07 16:57:15,fan_on,40.407
2020-10-07 16:57:16,fan_on,39.92
2020-10-07 16:57:17,fan_on,39.433
2020-10-07 16:57:18,fan_on,40.407
2020-10-07 16:57:19,fan_on,39.92
2020-10-07 16:57:20,fan_on,41.381
2020-10-07 16:57:21,fan_on,39.433
2020-10-07 16:57:22,fan_on,39.433
2020-10-07 16:57:23,fan_on,40.894
2020-10-07 16:57:24,fan_on,40.894
2020-10-07 16:57:25,fan_on,40.894
2020-10-07 16:57:26,fan_on,39.92
2020-10-07 16:57:27,fan_on,39.92
2020-10-07 16:57:28,fan_on,39.433
2020-10-07 16:57:29,fan_on,39.92
2020-10-07 16:57:30,fan_on,38.946
2020-10-07 16:57:31,fan_on,39.433
2020-10-07 16:57:32,fan_on,39.433
2020-10-07 16:57:33,fan_on,40.407
2020-10-07 16:57:34,fan_on,38.946
2020-10-07 16:57:35,fan_on,39.92
2020-10-07 16:57:36,fan_on,39.433
2020-10-07 16:57:37,fan_on,40.894
2020-10-07 16:57:38,fan_on,40.894
2020-10-07 16:57:39,fan_on,41.381
2020-10-07 16:57:40,fan_on,41.381
2020-10-07 16:57:41,fan_on,41.381
2020-10-07 16:57:42,fan_on,42.355
2020-10-07 16:57:43,fan_on,40.407
2020-10-07 16:57:44,fan_on,39.92
2020-10-07 16:57:45,fan_on,39.92
2020-10-07 16:57:46,fan_on,39.433
2020-10-07 16:57:47,fan_on,38.946
2020-10-07 16:57:48,fan_on,38.459
2020-10-07 16:57:49,fan_on,39.433
2020-10-07 16:57:50,fan_on,37.972
2020-10-07 16:57:51,fan_on,37.972
2020-10-07 16:57:52,fan_on,38.459
2020-10-07 16:57:53,fan_on,37.972
2020-10-07 16:57:54,fan_on,37.485
2020-10-07 16:57:55,fan_on,37.972
2020-10-07 16:57:56,fan_on,37.972
2020-10-07 16:57:57,fan_on,37.972
2020-10-07 16:57:58,fan_on,37.972
2020-10-07 16:57:59,fan_on,38.459
2020-10-07 16:58:00,fan_on,37.972
2020-10-07 16:58:01,fan_on,39.433
2020-10-07 16:58:02,fan_on,38.459
2020-10-07 16:58:03,fan_on,38.946
2020-10-07 16:58:04,fan_on,37.485
2020-10-07 16:58:05,fan_on,38.946
2020-10-07 16:58:06,fan_on,38.459
2020-10-07 16:58:07,fan_on,37.972
2020-10-07 16:58:08,fan_on,38.459
2020-10-07 16:58:09,fan_on,37.972
2020-10-07 16:58:10,fan_on,37.972
2020-10-07 16:58:11,fan_on,37.485
2020-10-07 16:58:12,fan_on,38.459
2020-10-07 16:58:13,fan_on,37.485
2020-10-07 16:58:14,fan_on,37.972
2020-10-07 16:58:15,fan_on,37.485
2020-10-07 16:58:16,fan_on,37.972
2020-10-07 16:58:17,fan_on,37.972
2020-10-07 16:58:18,fan_on,36.998
2020-10-07 16:58:19,fan_on,37.485
2020-10-07 16:58:20,fan_on,37.485
2020-10-07 16:58:21,fan_on,37.485
2020-10-07 16:58:22,fan_on,37.972
2020-10-07 16:58:23,fan_on,39.92
2020-10-07 16:58:24,fan_on,37.972
2020-10-07 16:58:25,fan_on,39.433
2020-10-07 16:58:26,fan_on,38.946
2020-10-07 16:58:27,fan_on,36.998
2020-10-07 16:58:28,fan_on,37.485
2020-10-07 16:58:29,fan_on,37.972
2020-10-07 16:58:30,fan_on,36.998
2020-10-07 16:58:31,fan_on,36.511
2020-10-07 16:58:32,fan_on,36.998
2020-10-07 16:58:33,fan_on,37.485
2020-10-07 16:58:34,fan_on,36.998
2020-10-07 16:58:35,fan_on,36.998
2020-10-07 16:58:36,fan_on,36.998
2020-10-07 16:58:37,fan_on,36.511
2020-10-07 16:58:38,fan_on,37.485
2020-10-07 16:58:39,fan_on,36.511
2020-10-07 16:58:40,fan_on,36.511
2020-10-07 16:58:41,fan_on,36.511
2020-10-07 16:58:42,fan_on,36.998
2020-10-07 16:58:43,fan_on,36.998
2020-10-07 16:58:44,fan_on,36.511
2020-10-07 16:58:45,fan_on,36.511
2020-10-07 16:58:46,fan_on,37.485
2020-10-07 16:58:47,fan_on,36.511
2020-10-07 16:58:48,fan_on,37.485
2020-10-07 16:58:49,fan_on,37.485
2020-10-07 16:58:50,fan_on,37.485
2020-10-07 16:58:51,fan_on,37.485
2020-10-07 16:58:52,fan_on,37.485
2020-10-07 16:58:53,fan_on,36.998
2020-10-07 16:58:54,fan_on,37.972
2020-10-07 16:58:55,fan_on,38.946
2020-10-07 16:58:56,fan_on,36.998
2020-10-07 16:58:57,fan_on,38.946
2020-10-07 16:58:58,fan_on,39.433
2020-10-07 16:58:59,fan_on,38.946
2020-10-07 16:59:00,fan_on,39.433
2020-10-07 16:59:01,fan_on,39.433
2020-10-07 16:59:02,fan_on,38.946
2020-10-07 16:59:03,fan_on,38.459
2020-10-07 16:59:04,fan_on,38.946
2020-10-07 16:59:05,fan_on,39.92
2020-10-07 16:59:06,fan_on,40.407
2020-10-07 16:59:07,fan_on,39.92
2020-10-07 16:59:08,fan_on,38.946
2020-10-07 16:59:09,fan_on,39.433
2020-10-07 16:59:10,fan_on,38.946
2020-10-07 16:59:11,fan_on,38.946
2020-10-07 16:59:12,fan_on,38.459
2020-10-07 16:59:13,fan_on,37.972
2020-10-07 16:59:14,fan_on,37.972
2020-10-07 16:59:15,fan_on,39.433
2020-10-07 16:59:16,fan_on,40.407
2020-10-07 16:59:17,fan_on,41.868
2020-10-07 16:59:18,fan_on,41.381
2020-10-07 16:59:19,fan_on,40.894
2020-10-07 16:59:20,fan_on,39.92
2020-10-07 16:59:21,fan_on,40.407
2020-10-07 16:59:22,fan_on,39.433
2020-10-07 16:59:23,fan_on,39.433
2020-10-07 16:59:24,fan_on,38.946
2020-10-07 16:59:25,fan_on,38.459
2020-10-07 16:59:26,fan_on,37.972
2020-10-07 16:59:27,fan_on,39.433
2020-10-07 16:59:28,fan_on,38.946
2020-10-07 16:59:29,fan_on,38.459
2020-10-07 16:59:30,fan_on,37.972
2020-10-07 16:59:31,fan_on,37.485
2020-10-07 16:59:32,fan_on,37.485
2020-10-07 16:59:33,fan_on,36.998
2020-10-07 16:59:34,fan_on,37.972
2020-10-07 16:59:35,fan_on,37.485
2020-10-07 16:59:36,fan_on,36.998
2020-10-07 16:59:37,fan_on,37.485
2020-10-07 16:59:38,fan_on,36.998
2020-10-07 16:59:39,fan_on,37.972
2020-10-07 16:59:40,fan_on,37.485
2020-10-07 16:59:41,fan_on,37.485
2020-10-07 16:59:42,fan_on,36.511
2020-10-07 16:59:43,fan_on,37.485
2020-10-07 16:59:44,fan_on,37.485
2020-10-07 16:59:45,fan_on,36.998
2020-10-07 16:59:46,fan_on,37.972
2020-10-07 16:59:47,fan_on,37.485
2020-10-07 16:59:48,fan_on,36.998
2020-10-07 16:59:49,fan_on,36.998
2020-10-07 16:59:50,fan_on,36.998
2020-10-07 16:59:51,fan_on,37.485
2020-10-07 16:59:52,fan_on,36.998
2020-10-07 16:59:53,fan_on,36.998
2020-10-07 16:59:54,fan_on,37.972
2020-10-07 16:59:55,fan_on,37.485
2020-10-07 16:59:56,fan_on,37.972
2020-10-07 16:59:57,fan_on,36.998
2020-10-07 16:59:58,fan_on,36.511
2020-10-07 16:59:59,fan_on,36.511
2020-10-07 17:00:00,fan_on,38.946
2020-10-07 17:00:01,fan_on,37.972
2020-10-07 17:00:02,fan_on,37.972
2020-10-07 17:00:03,fan_on,38.459
2020-10-07 17:00:04,fan_on,38.459
2020-10-07 17:00:05,fan_on,37.972
2020-10-07 17:00:06,fan_on,36.511
2020-10-07 17:00:07,fan_on,36.998
2020-10-07 17:00:08,fan_on,36.511
2020-10-07 17:00:09,fan_on,36.998
2020-10-07 17:00:10,fan_on,36.511
2020-10-07 17:00:11,fan_on,36.024
2020-10-07 17:00:12,fan_on,36.024
2020-10-07 17:00:13,fan_on,38.459
2020-10-07 17:00:14,fan_on,38.459
2020-10-07 17:00:15,fan_on,38.459
2020-10-07 17:00:16,fan_on,37.972
2020-10-07 17:00:17,fan_on,38.946
2020-10-07 17:00:18,fan_on,37.485
2020-10-07 17:00:19,fan_on,37.485
2020-10-07 17:00:20,fan_on,36.998
2020-10-07 17:00:21,fan_on,37.485
2020-10-07 17:00:22,fan_on,37.485
2020-10-07 17:00:23,fan_on,36.998
2020-10-07 17:00:24,fan_on,36.998
2020-10-07 17:00:25,fan_on,36.998
2020-10-07 17:00:26,fan_on,36.998
2020-10-07 17:00:27,fan_on,37.972
2020-10-07 17:00:28,fan_on,37.485
2020-10-07 17:00:29,fan_on,38.459
2020-10-07 17:00:30,fan_on,36.998
2020-10-07 17:00:31,fan_on,37.485
2020-10-07 17:00:32,fan_on,37.485
2020-10-07 17:00:33,fan_on,38.459
2020-10-07 17:00:34,fan_on,37.485
2020-10-07 17:00:35,fan_on,36.998
2020-10-07 17:00:36,fan_on,37.485
2020-10-07 17:00:37,fan_on,37.485
2020-10-07 17:00:38,fan_on,38.459
2020-10-07 17:00:39,fan_on,36.511
2020-10-07 17:00:40,fan_on,37.485
2020-10-07 17:00:41,fan_on,38.459
2020-10-07 17:00:42,fan_on,38.459
2020-10-07 17:00:43,fan_on,37.972
2020-10-07 17:00:44,fan_on,37.972
2020-10-07 17:00:45,fan_on,37.485
2020-10-07 17:00:46,fan_on,38.946
2020-10-07 17:00:47,fan_on,36.998
2020-10-07 17:00:48,fan_on,37.485
2020-10-07 17:00:49,fan_on,37.485
2020-10-07 17:00:50,fan_on,38.459
2020-10-07 17:00:51,fan_on,37.485
2020-10-07 17:00:52,fan_on,36.998
2020-10-07 17:00:53,fan_on,37.972
2020-10-07 17:00:54,fan_on,36.511
2020-10-07 17:00:55,fan_on,37.485
2020-10-07 17:00:56,fan_on,36.998
2020-10-07 17:00:57,fan_on,37.485
2020-10-07 17:00:58,fan_on,38.946
2020-10-07 17:00:59,fan_on,37.485
2020-10-07 17:01:00,fan_on,37.972
2020-10-07 17:01:01,fan_on,37.972
2020-10-07 17:01:02,fan_on,36.998
2020-10-07 17:01:03,fan_on,37.972
2020-10-07 17:01:04,fan_on,37.972
2020-10-07 17:01:05,fan_on,37.485
2020-10-07 17:01:06,fan_on,37.972
2020-10-07 17:01:07,fan_on,36.998
2020-10-07 17:01:08,fan_on,37.972
2020-10-07 17:01:09,fan_on,36.511
2020-10-07 17:01:10,fan_on,36.998
2020-10-07 17:01:11,fan_on,38.459
2020-10-07 17:01:12,fan_on,36.998
2020-10-07 17:01:13,fan_on,37.485
2020-10-07 17:01:14,fan_on,37.972
2020-10-07 17:01:15,fan_on,37.972
2020-10-07 17:01:17,fan_on,37.972
2020-10-07 17:01:18,fan_on,38.459
2020-10-07 17:01:19,fan_on,37.485
2020-10-07 17:01:20,fan_on,37.972
2020-10-07 17:01:21,fan_on,36.998
2020-10-07 17:01:22,fan_on,37.485
2020-10-07 17:01:23,fan_on,37.972
2020-10-07 17:01:24,fan_on,36.998
2020-10-07 17:01:25,fan_on,37.485
2020-10-07 17:01:26,fan_on,36.998
2020-10-07 17:01:27,fan_on,37.485
2020-10-07 17:01:28,fan_on,36.998
2020-10-07 17:01:29,fan_on,36.998
2020-10-07 17:01:30,fan_on,37.972
2020-10-07 17:01:31,fan_on,36.511
2020-10-07 17:01:32,fan_on,37.972
2020-10-07 17:01:33,fan_on,37.485
2020-10-07 17:01:34,fan_on,36.998
2020-10-07 17:01:35,fan_on,37.972
2020-10-07 17:01:36,fan_on,37.972
2020-10-07 17:01:37,fan_on,36.998
2020-10-07 17:01:38,fan_on,36.511
2020-10-07 17:01:39,fan_on,36.998
2020-10-07 17:01:40,fan_on,37.972
2020-10-07 17:01:41,fan_on,37.485
2020-10-07 17:01:42,fan_on,37.485
2020-10-07 17:01:43,fan_on,37.972
2020-10-07 17:01:44,fan_on,37.972
2020-10-07 17:01:45,fan_on,37.972
2020-10-07 17:01:46,fan_on,36.998
2020-10-07 17:01:47,fan_on,36.511
2020-10-07 17:01:48,fan_on,37.972
2020-10-07 17:01:49,fan_on,37.485
2020-10-07 17:01:50,fan_on,37.485
2020-10-07 17:01:51,fan_on,37.972
2020-10-07 17:01:52,fan_on,36.998
2020-10-07 17:01:53,fan_on,37.972
2020-10-07 17:01:54,fan_on,37.972
2020-10-07 17:01:55,fan_on,38.459
2020-10-07 17:01:56,fan_on,37.972
2020-10-07 17:01:57,fan_on,38.459
2020-10-07 17:01:58,fan_on,39.433
2020-10-07 17:01:59,fan_on,39.92
2020-10-07 17:02:00,fan_on,40.407
2020-10-07 17:02:01,fan_on,38.459
2020-10-07 17:02:02,fan_on,38.459
2020-10-07 17:02:03,fan_on,37.972
2020-10-07 17:02:04,fan_on,37.972
2020-10-07 17:02:05,fan_on,40.894
2020-10-07 17:02:06,fan_on,39.92
2020-10-07 17:02:07,fan_on,38.946
2020-10-07 17:02:08,fan_on,37.972
2020-10-07 17:02:09,fan_on,37.485
2020-10-07 17:02:10,fan_on,38.946
2020-10-07 17:02:11,fan_on,37.972
2020-10-07 17:02:12,fan_on,37.972
2020-10-07 17:02:13,fan_on,38.459
2020-10-07 17:02:14,fan_on,38.946
2020-10-07 17:02:15,fan_on,39.92
2020-10-07 17:02:16,fan_on,37.485
2020-10-07 17:02:17,fan_on,38.946
2020-10-07 17:02:18,fan_on,37.485
2020-10-07 17:02:19,fan_on,37.972
2020-10-07 17:02:20,fan_on,38.459
2020-10-07 17:02:21,fan_on,39.433
2020-10-07 17:02:22,fan_on,37.972
2020-10-07 17:02:23,fan_on,38.459
2020-10-07 17:02:24,fan_on,37.485
2020-10-07 17:02:25,fan_on,38.946
2020-10-07 17:02:26,fan_on,36.998
2020-10-07 17:02:27,fan_on,37.972
2020-10-07 17:02:28,fan_on,36.998
2020-10-07 17:02:29,fan_on,37.972
2020-10-07 17:02:30,fan_on,37.972
2020-10-07 17:02:31,fan_on,37.972
2020-10-07 17:02:32,fan_on,38.459
2020-10-07 17:02:33,fan_on,37.485
2020-10-07 17:02:34,fan_on,37.485
2020-10-07 17:02:35,fan_on,37.972
2020-10-07 17:02:36,fan_on,36.998
2020-10-07 17:02:37,fan_on,38.946
2020-10-07 17:02:38,fan_on,37.485
2020-10-07 17:02:39,fan_on,38.459
2020-10-07 17:02:40,fan_on,37.972
2020-10-07 17:02:41,fan_on,37.972
2020-10-07 17:02:42,fan_on,37.972
2020-10-07 17:02:43,fan_on,37.972
2020-10-07 17:02:44,fan_on,37.972
2020-10-07 17:02:45,fan_on,37.972
2020-10-07 17:02:46,fan_on,37.972
2020-10-07 17:02:47,fan_on,38.459
2020-10-07 17:02:48,fan_on,37.972
2020-10-07 17:02:49,fan_on,38.459
2020-10-07 17:02:50,fan_on,36.998
2020-10-07 17:02:51,fan_on,36.511
2020-10-07 17:02:52,fan_on,37.972
2020-10-07 17:02:53,fan_on,37.972
2020-10-07 17:02:54,fan_on,37.485
2020-10-07 17:02:55,fan_on,38.946
2020-10-07 17:02:56,fan_on,37.972
2020-10-07 17:02:57,fan_on,38.459
2020-10-07 17:02:58,fan_on,37.972
2020-10-07 17:02:59,fan_on,37.972
2020-10-07 17:03:00,fan_on,36.998
2020-10-07 17:03:01,fan_on,37.972
2020-10-07 17:03:02,fan_on,37.972
2020-10-07 17:03:03,fan_on,37.485
2020-10-07 17:03:04,fan_on,36.998
2020-10-07 17:03:05,fan_on,37.485
2020-10-07 17:03:06,fan_on,36.998
2020-10-07 17:03:07,fan_on,37.485
2020-10-07 17:03:08,fan_on,37.485
2020-10-07 17:03:09,fan_on,38.459
2020-10-07 17:03:10,fan_on,37.485
2020-10-07 17:03:11,fan_on,37.485
2020-10-07 17:03:12,fan_on,36.511
2020-10-07 17:03:13,fan_on,36.998
2020-10-07 17:03:14,fan_on,37.485
2020-10-07 17:03:15,fan_on,36.511
2020-10-07 17:03:16,fan_on,37.972
2020-10-07 17:03:17,fan_on,37.972
2020-10-07 17:03:18,fan_on,38.459
2020-10-07 17:03:19,fan_on,36.511
2020-10-07 17:03:20,fan_on,37.972
2020-10-07 17:03:21,fan_on,36.998
2020-10-07 17:03:22,fan_on,36.998
2020-10-07 17:03:23,fan_on,36.998
2020-10-07 17:03:24,fan_on,37.485
2020-10-07 17:03:25,fan_on,38.459
2020-10-07 17:03:26,fan_on,37.972
2020-10-07 17:03:27,fan_on,36.998
2020-10-07 17:03:28,fan_on,36.511
2020-10-07 17:03:29,fan_on,37.485
2020-10-07 17:03:30,fan_on,36.511
2020-10-07 17:03:31,fan_on,37.972
2020-10-07 17:03:32,fan_on,36.511
2020-10-07 17:03:33,fan_on,36.511
2020-10-07 17:03:34,fan_on,36.511
2020-10-07 17:03:35,fan_on,39.433
2020-10-07 17:03:36,fan_on,36.998
2020-10-07 17:03:37,fan_on,37.972
2020-10-07 17:03:38,fan_on,36.024
2020-10-07 17:03:39,fan_on,37.485
2020-10-07 17:03:40,fan_on,36.998
2020-10-07 17:03:41,fan_on,37.972
2020-10-07 17:03:42,fan_on,37.972
2020-10-07 17:03:43,fan_on,38.946
2020-10-07 17:03:44,fan_on,36.998
2020-10-07 17:03:45,fan_on,37.972
2020-10-07 17:03:46,fan_on,37.972
2020-10-07 17:03:47,fan_on,37.485
2020-10-07 17:03:48,fan_on,36.998
2020-10-07 17:03:49,fan_on,36.998
2020-10-07 17:03:50,fan_on,38.459
2020-10-07 17:03:51,fan_on,37.972
2020-10-07 17:03:52,fan_on,36.998
2020-10-07 17:03:53,fan_on,38.459
2020-10-07 17:03:54,fan_on,37.972
2020-10-07 17:03:55,fan_on,37.485
2020-10-07 17:03:56,fan_on,37.485
2020-10-07 17:03:57,fan_on,36.998
2020-10-07 17:03:58,fan_on,36.998
2020-10-07 17:03:59,fan_on,37.485
2020-10-07 17:04:00,fan_on,37.485
2020-10-07 17:04:01,fan_on,37.485
2020-10-07 17:04:02,fan_on,38.459
2020-10-07 17:04:03,fan_on,37.485
2020-10-07 17:04:04,fan_on,38.946
2020-10-07 17:04:05,fan_on,37.485
2020-10-07 17:04:06,fan_on,36.998
2020-10-07 17:04:07,fan_on,37.485
2020-10-07 17:04:08,fan_on,37.972
2020-10-07 17:04:09,fan_on,37.485
2020-10-07 17:04:10,fan_on,37.485
2020-10-07 17:04:11,fan_on,36.511
2020-10-07 17:04:12,fan_on,37.972
2020-10-07 17:04:13,fan_on,37.485
2020-10-07 17:04:14,fan_on,38.946
2020-10-07 17:04:15,fan_on,39.433
2020-10-07 17:04:16,fan_on,37.485
2020-10-07 17:04:17,fan_on,37.972
2020-10-07 17:04:18,fan_on,37.485
2020-10-07 17:04:19,fan_on,37.485
2020-10-07 17:04:20,fan_on,36.998
2020-10-07 17:04:21,fan_on,36.998
2020-10-07 17:04:22,fan_on,38.946
2020-10-07 17:04:23,fan_on,38.459
2020-10-07 17:04:24,fan_on,37.972
2020-10-07 17:04:25,fan_on,36.998
2020-10-07 17:04:26,fan_on,36.998
2020-10-07 17:04:27,fan_on,37.485
2020-10-07 17:04:28,fan_on,37.972
2020-10-07 17:04:29,fan_on,37.972
2020-10-07 17:04:30,fan_on,37.972
2020-10-07 17:04:31,fan_on,38.946
2020-10-07 17:04:32,fan_on,38.946
2020-10-07 17:04:33,fan_on,37.972
2020-10-07 17:04:34,fan_on,37.485
2020-10-07 17:04:35,fan_on,37.972
2020-10-07 17:04:36,fan_on,37.485
2020-10-07 17:04:37,fan_on,37.485
2020-10-07 17:04:38,fan_on,37.485
2020-10-07 17:04:39,fan_on,37.485
2020-10-07 17:04:40,fan_on,36.998
2020-10-07 17:04:41,fan_on,37.972
2020-10-07 17:04:42,fan_on,37.485
2020-10-07 17:04:43,fan_on,37.972
2020-10-07 17:04:44,fan_on,36.998
2020-10-07 17:04:45,fan_on,37.972
2020-10-07 17:04:46,fan_on,37.485
2020-10-07 17:04:47,fan_on,37.485
2020-10-07 17:04:48,fan_on,37.972
2020-10-07 17:04:49,fan_on,36.998
2020-10-07 17:04:50,fan_on,37.485
2020-10-07 17:04:51,fan_on,37.485
2020-10-07 17:04:52,fan_on,37.485
2020-10-07 17:04:53,fan_on,37.485
2020-10-07 17:04:54,fan_on,37.485
2020-10-07 17:04:55,fan_on,37.972
2020-10-07 17:04:56,fan_on,36.024
2020-10-07 17:04:57,fan_on,36.998
2020-10-07 17:04:58,fan_on,37.485
2020-10-07 17:04:59,fan_on,36.998
2020-10-07 17:05:00,fan_on,37.485
2020-10-07 17:05:01,fan_on,38.459
2020-10-07 17:05:02,fan_on,38.459
2020-10-07 17:05:03,fan_on,36.511
2020-10-07 17:05:04,fan_on,37.972
2020-10-07 17:05:05,fan_on,37.485
2020-10-07 17:05:06,fan_on,37.485
2020-10-07 17:05:07,fan_on,36.998
2020-10-07 17:05:08,fan_on,37.485
2020-10-07 17:05:09,fan_on,36.998
2020-10-07 17:05:10,fan_on,36.998
2020-10-07 17:05:11,fan_on,37.972
2020-10-07 17:05:12,fan_on,38.459
2020-10-07 17:05:13,fan_on,36.998
2020-10-07 17:05:14,fan_on,37.485
2020-10-07 17:05:15,fan_on,37.485
2020-10-07 17:05:16,fan_on,38.459
2020-10-07 17:05:17,fan_on,38.459
2020-10-07 17:05:18,fan_on,36.998
2020-10-07 17:05:19,fan_on,37.972
2020-10-07 17:05:20,fan_on,36.511
2020-10-07 17:05:21,fan_on,37.485
2020-10-07 17:05:22,fan_on,38.459
2020-10-07 17:05:23,fan_on,36.998
2020-10-07 17:05:24,fan_on,37.972
2020-10-07 17:05:25,fan_on,38.459
2020-10-07 17:05:26,fan_on,37.972
2020-10-07 17:05:27,fan_on,37.485
2020-10-07 17:05:28,fan_on,36.998
2020-10-07 17:05:29,fan_on,37.972
2020-10-07 17:05:30,fan_on,37.972
2020-10-07 17:05:31,fan_on,37.972
2020-10-07 17:05:32,fan_on,37.972
2020-10-07 17:05:33,fan_on,37.485
2020-10-07 17:05:34,fan_on,37.485
2020-10-07 17:05:35,fan_on,38.459
2020-10-07 17:05:36,fan_on,36.511
2020-10-07 17:05:37,fan_on,36.998
2020-10-07 17:05:38,fan_on,37.972
2020-10-07 17:05:39,fan_on,36.511
2020-10-07 17:05:40,fan_on,37.972
2020-10-07 17:05:41,fan_on,37.485
2020-10-07 17:05:42,fan_on,37.485
2020-10-07 17:05:43,fan_on,37.485
2020-10-07 17:05:44,fan_on,36.998
2020-10-07 17:05:45,fan_on,38.459
2020-10-07 17:05:46,fan_on,37.972
2020-10-07 17:05:47,fan_on,37.485
2020-10-07 17:05:48,fan_on,37.972
2020-10-07 17:05:49,fan_on,37.485
2020-10-07 17:05:50,fan_on,36.998
2020-10-07 17:05:51,fan_on,37.485
2020-10-07 17:05:52,fan_on,37.485
2020-10-07 17:05:53,fan_on,37.972
2020-10-07 17:05:54,fan_on,38.459
2020-10-07 17:05:55,fan_on,37.485
2020-10-07 17:05:56,fan_on,37.485
2020-10-07 17:05:57,fan_on,36.998
2020-10-07 17:05:58,fan_on,36.998
2020-10-07 17:05:59,fan_on,37.972
2020-10-07 17:06:00,fan_on,37.972
2020-10-07 17:06:01,fan_on,37.485
2020-10-07 17:06:02,fan_on,37.972
2020-10-07 17:06:03,fan_on,38.459
2020-10-07 17:06:04,fan_on,37.972
2020-10-07 17:06:05,fan_on,37.485
2020-10-07 17:06:06,fan_on,37.485
2020-10-07 17:06:07,fan_on,37.485
2020-10-07 17:06:08,fan_on,37.972
2020-10-07 17:06:09,fan_on,37.972
2020-10-07 17:06:10,fan_on,37.485
2020-10-07 17:06:11,fan_on,37.972
2020-10-07 17:06:12,fan_on,38.459
2020-10-07 17:06:13,fan_on,37.972
2020-10-07 17:06:14,fan_on,36.998
2020-10-07 17:06:15,fan_on,37.485
2020-10-07 17:06:16,fan_on,37.485
2020-10-07 17:06:17,fan_on,36.511
2020-10-07 17:06:18,fan_on,36.511
2020-10-07 17:06:19,fan_on,37.485
2020-10-07 17:06:20,fan_on,37.485
2020-10-07 17:06:21,fan_on,37.485
2020-10-07 17:06:22,fan_on,36.998
2020-10-07 17:06:23,fan_on,37.972
2020-10-07 17:06:24,fan_on,37.972
2020-10-07 17:06:25,fan_on,37.972
2020-10-07 17:06:26,fan_on,38.459
2020-10-07 17:06:27,fan_on,38.459
2020-10-07 17:06:28,fan_on,38.459
2020-10-07 17:06:29,fan_on,37.972
2020-10-07 17:06:30,fan_on,39.92
2020-10-07 17:06:31,fan_on,37.485
2020-10-07 17:06:32,fan_on,38.459
2020-10-07 17:06:33,fan_on,39.92
2020-10-07 17:06:34,fan_on,39.92
2020-10-07 17:06:35,fan_on,38.459
2020-10-07 17:06:36,fan_on,38.946
2020-10-07 17:06:37,fan_on,38.459
2020-10-07 17:06:38,fan_on,38.946
2020-10-07 17:06:39,fan_on,38.459
2020-10-07 17:06:40,fan_on,37.972
2020-10-07 17:06:41,fan_on,40.894
2020-10-07 17:06:42,fan_on,40.407
2020-10-07 17:06:43,fan_on,41.381
2020-10-07 17:06:44,fan_on,40.894
2020-10-07 17:06:45,fan_on,39.433
2020-10-07 17:06:46,fan_on,38.459
2020-10-07 17:06:47,fan_on,38.946
2020-10-07 17:06:48,fan_on,38.946
2020-10-07 17:06:49,fan_on,37.972
2020-10-07 17:06:50,fan_on,37.485
2020-10-07 17:06:51,fan_on,37.972
2020-10-07 17:06:52,fan_on,37.972
2020-10-07 17:06:53,fan_on,37.972
2020-10-07 17:06:54,fan_on,37.485
2020-10-07 17:06:55,fan_on,37.972
2020-10-07 17:06:56,fan_on,38.459
2020-10-07 17:06:57,fan_on,38.946
2020-10-07 17:06:58,fan_on,38.459
2020-10-07 17:06:59,fan_on,37.972
2020-10-07 17:07:00,fan_on,36.511
2020-10-07 17:07:01,fan_on,37.972
2020-10-07 17:07:02,fan_on,36.998
2020-10-07 17:07:03,fan_on,36.998
2020-10-07 17:07:04,fan_on,37.972
2020-10-07 17:07:05,fan_on,38.946
2020-10-07 17:07:06,fan_on,38.946
2020-10-07 17:07:07,fan_on,38.946
2020-10-07 17:07:08,fan_on,37.972
2020-10-07 17:07:09,fan_on,37.972
2020-10-07 17:07:10,fan_on,37.485
2020-10-07 17:07:11,fan_on,37.972
2020-10-07 17:07:12,fan_on,38.459
2020-10-07 17:07:13,fan_on,37.972
2020-10-07 17:07:14,fan_on,36.998
2020-10-07 17:07:15,fan_on,37.972
2020-10-07 17:07:16,fan_on,37.485
2020-10-07 17:07:17,fan_on,38.946
2020-10-07 17:07:18,fan_on,37.972
2020-10-07 17:07:19,fan_on,37.485
2020-10-07 17:07:20,fan_on,37.485
2020-10-07 17:07:21,fan_on,37.972
2020-10-07 17:07:22,fan_on,38.459
2020-10-07 17:07:23,fan_on,38.459
2020-10-07 17:07:24,fan_on,37.972
2020-10-07 17:07:25,fan_on,37.485
2020-10-07 17:07:26,fan_on,38.459
2020-10-07 17:07:27,fan_on,38.946
2020-10-07 17:07:28,fan_on,39.433
2020-10-07 17:07:29,fan_on,37.485
2020-10-07 17:07:30,fan_on,38.946
2020-10-07 17:07:31,fan_on,39.433
2020-10-07 17:07:32,fan_on,38.459
2020-10-07 17:07:33,fan_on,37.485
2020-10-07 17:07:34,fan_on,37.972
2020-10-07 17:07:35,fan_on,37.972
2020-10-07 17:07:36,fan_on,37.972
2020-10-07 17:07:37,fan_on,39.433
2020-10-07 17:07:38,fan_on,36.998
2020-10-07 17:07:39,fan_on,37.972
2020-10-07 17:07:40,fan_on,38.946
2020-10-07 17:07:41,fan_on,37.485
2020-10-07 17:07:42,fan_on,37.972
2020-10-07 17:07:43,fan_on,37.972
2020-10-07 17:07:44,fan_on,37.972
2020-10-07 17:07:45,fan_on,36.998
2020-10-07 17:07:46,fan_on,38.946
2020-10-07 17:07:47,fan_on,37.485
2020-10-07 17:07:48,fan_on,37.972
2020-10-07 17:07:49,fan_on,36.998
2020-10-07 17:07:50,fan_on,38.459
2020-10-07 17:07:51,fan_on,38.459
2020-10-07 17:07:52,fan_on,37.972
2020-10-07 17:07:53,fan_on,37.485
2020-10-07 17:07:54,fan_on,37.972
2020-10-07 17:07:56,fan_on,37.485
2020-10-07 17:07:57,fan_on,37.485
2020-10-07 17:07:58,fan_on,37.485
2020-10-07 17:07:59,fan_on,38.459
2020-10-07 17:08:00,fan_on,38.459
2020-10-07 17:08:01,fan_on,38.459
2020-10-07 17:08:02,fan_on,37.485
2020-10-07 17:08:03,fan_on,37.972
2020-10-07 17:08:04,fan_on,36.998
2020-10-07 17:08:05,fan_on,37.485
2020-10-07 17:08:06,fan_on,36.998
2020-10-07 17:08:07,fan_on,37.485
2020-10-07 17:08:08,fan_on,37.972
2020-10-07 17:08:09,fan_on,37.485
2020-10-07 17:08:10,fan_on,38.459
2020-10-07 17:08:11,fan_on,37.485
2020-10-07 17:08:12,fan_on,37.485
2020-10-07 17:08:13,fan_on,37.485
2020-10-07 17:08:14,fan_on,38.459
2020-10-07 17:08:15,fan_on,36.998
2020-10-07 17:08:16,fan_on,38.459
2020-10-07 17:08:17,fan_on,37.972
2020-10-07 17:08:18,fan_on,37.485
2020-10-07 17:08:19,fan_on,37.972
2020-10-07 17:08:20,fan_on,37.485
2020-10-07 17:08:21,fan_on,37.485
2020-10-07 17:08:22,fan_on,37.485
2020-10-07 17:08:23,fan_on,38.459
2020-10-07 17:08:24,fan_on,38.459
2020-10-07 17:08:25,fan_on,37.972
2020-10-07 17:08:26,fan_on,36.511
2020-10-07 17:08:27,fan_on,37.972
2020-10-07 17:08:28,fan_on,38.459
2020-10-07 17:08:29,fan_on,37.485
2020-10-07 17:08:30,fan_on,37.485
2020-10-07 17:08:31,fan_on,37.485
2020-10-07 17:08:32,fan_on,36.998
2020-10-07 17:08:33,fan_on,38.459
2020-10-07 17:08:34,fan_on,37.972
2020-10-07 17:08:35,fan_on,37.972
2020-10-07 17:08:36,fan_on,37.485
2020-10-07 17:08:37,fan_on,37.972
2020-10-07 17:08:38,fan_on,37.485
2020-10-07 17:08:39,fan_on,36.998
2020-10-07 17:08:40,fan_on,36.998
2020-10-07 17:08:41,fan_on,36.998
2020-10-07 17:08:42,fan_on,36.998
2020-10-07 17:08:43,fan_on,37.485
2020-10-07 17:08:44,fan_on,37.485
2020-10-07 17:08:45,fan_on,37.485
2020-10-07 17:08:46,fan_on,36.511
2020-10-07 17:08:47,fan_on,37.485
2020-10-07 17:08:48,fan_on,36.998
2020-10-07 17:08:49,fan_on,36.998
2020-10-07 17:08:50,fan_on,37.485
2020-10-07 17:08:51,fan_on,37.972
2020-10-07 17:08:52,fan_on,36.511
2020-10-07 17:08:53,fan_on,36.024
2020-10-07 17:08:54,fan_on,36.511
2020-10-07 17:08:55,fan_on,36.998
2020-10-07 17:08:56,fan_on,37.485
2020-10-07 17:08:57,fan_on,37.972
2020-10-07 17:08:58,fan_on,37.485
2020-10-07 17:08:59,fan_on,37.485
2020-10-07 17:09:00,fan_on,37.485
2020-10-07 17:09:01,fan_on,37.485
2020-10-07 17:09:02,fan_on,37.485
2020-10-07 17:09:03,fan_on,36.511
2020-10-07 17:09:04,fan_on,37.972
2020-10-07 17:09:05,fan_on,37.972
2020-10-07 17:09:06,fan_on,36.998
2020-10-07 17:09:07,fan_on,36.998
2020-10-07 17:09:08,fan_on,37.485
2020-10-07 17:09:09,fan_on,36.511
2020-10-07 17:09:10,fan_on,36.511
2020-10-07 17:09:11,fan_on,37.485
2020-10-07 17:09:12,fan_on,36.998
2020-10-07 17:09:13,fan_on,36.511
2020-10-07 17:09:14,fan_on,36.998
2020-10-07 17:09:15,fan_on,36.511
2020-10-07 17:09:16,fan_on,36.998
2020-10-07 17:09:17,fan_on,36.998
2020-10-07 17:09:18,fan_on,35.537
2020-10-07 17:09:19,fan_on,36.024
2020-10-07 17:09:20,fan_on,36.998
2020-10-07 17:09:21,fan_on,36.511
2020-10-07 17:09:22,fan_on,36.998
2020-10-07 17:09:23,fan_on,37.485
2020-10-07 17:09:24,fan_on,36.998
2020-10-07 17:09:25,fan_on,36.511
2020-10-07 17:09:26,fan_on,36.511
2020-10-07 17:09:27,fan_on,36.998
2020-10-07 17:09:28,fan_on,36.511
2020-10-07 17:09:29,fan_on,37.485
2020-10-07 17:09:30,fan_on,36.511
2020-10-07 17:09:31,fan_on,36.511
2020-10-07 17:09:32,fan_on,36.511
2020-10-07 17:09:33,fan_on,37.485
2020-10-07 17:09:34,fan_on,36.998
2020-10-07 17:09:35,fan_on,36.511
2020-10-07 17:09:36,fan_on,36.511
2020-10-07 17:09:37,fan_on,37.485
2020-10-07 17:09:38,fan_on,35.537
2020-10-07 17:09:39,fan_on,36.024
2020-10-07 17:09:40,fan_on,36.998
2020-10-07 17:09:41,fan_on,35.537
2020-10-07 17:09:42,fan_on,36.511
2020-10-07 17:09:43,fan_on,35.537
2020-10-07 17:09:44,fan_on,36.511
2020-10-07 17:09:45,fan_on,36.511
2020-10-07 17:09:46,fan_on,35.05
2020-10-07 17:09:47,fan_on,36.511
2020-10-07 17:09:48,fan_on,36.024
2020-10-07 17:09:49,fan_on,36.024
2020-10-07 17:09:50,fan_on,36.024
2020-10-07 17:09:51,fan_on,36.511
2020-10-07 17:09:52,fan_on,36.998
2020-10-07 17:09:53,fan_on,36.511
2020-10-07 17:09:54,fan_on,36.511
2020-10-07 17:09:55,fan_on,35.537
2020-10-07 17:09:56,fan_on,36.998
2020-10-07 17:09:57,fan_on,36.511
2020-10-07 17:09:58,fan_on,35.537
2020-10-07 17:09:59,fan_on,36.511
2020-10-07 17:10:00,fan_on,36.511
2020-10-07 17:10:01,fan_on,35.537
2020-10-07 17:10:02,fan_on,35.537
2020-10-07 17:10:03,fan_on,36.024
2020-10-07 17:10:04,fan_on,36.511
2020-10-07 17:10:05,fan_on,36.024
2020-10-07 17:10:06,fan_on,36.024
2020-10-07 17:10:07,fan_on,36.024
2020-10-07 17:10:08,fan_on,36.024
2020-10-07 17:10:09,fan_on,35.537
2020-10-07 17:10:10,fan_on,37.485
2020-10-07 17:10:11,fan_on,35.05
2020-10-07 17:10:12,fan_on,35.537
2020-10-07 17:10:13,fan_on,36.024
2020-10-07 17:10:14,fan_on,36.024
2020-10-07 17:10:15,fan_on,36.511
2020-10-07 17:10:16,fan_on,37.485
2020-10-07 17:10:17,fan_on,36.024
2020-10-07 17:10:18,fan_on,36.024
2020-10-07 17:10:19,fan_on,36.511
2020-10-07 17:10:20,fan_on,36.998
2020-10-07 17:10:21,fan_on,36.024
2020-10-07 17:10:22,fan_on,35.537
2020-10-07 17:10:23,fan_on,35.537
2020-10-07 17:10:24,fan_on,35.537
2020-10-07 17:10:25,fan_on,36.511
2020-10-07 17:10:26,fan_on,36.024
2020-10-07 17:10:27,fan_on,36.024
2020-10-07 17:10:28,fan_on,35.05
2020-10-07 17:10:29,fan_on,36.511
2020-10-07 17:10:30,fan_on,36.511
2020-10-07 17:10:31,fan_on,35.537
2020-10-07 17:10:32,fan_on,36.024
2020-10-07 17:10:33,fan_on,36.511
2020-10-07 17:10:34,fan_on,35.537
2020-10-07 17:10:35,fan_on,36.024
2020-10-07 17:10:36,fan_on,36.024
2020-10-07 17:10:37,fan_on,35.537
2020-10-07 17:10:38,fan_on,35.537
2020-10-07 17:10:39,fan_on,36.024
2020-10-07 17:10:40,fan_on,35.537
2020-10-07 17:10:41,fan_on,36.024
2020-10-07 17:10:42,fan_on,35.537
2020-10-07 17:10:43,fan_on,36.511
2020-10-07 17:10:44,fan_on,36.024
2020-10-07 17:10:45,fan_on,36.024
2020-10-07 17:10:46,fan_on,35.537
2020-10-07 17:10:47,fan_on,36.998
2020-10-07 17:10:48,fan_on,35.537
2020-10-07 17:10:49,fan_on,36.511
2020-10-07 17:10:50,fan_on,35.537
2020-10-07 17:10:51,fan_on,35.537
2020-10-07 17:10:52,fan_on,35.537
2020-10-07 17:10:53,fan_on,36.511
2020-10-07 17:10:54,fan_on,35.537
2020-10-07 17:10:55,fan_on,35.05
2020-10-07 17:10:56,fan_on,36.024
2020-10-07 17:10:57,fan_on,35.537
2020-10-07 17:10:58,fan_on,35.537
2020-10-07 17:10:59,fan_on,35.537
2020-10-07 17:11:00,fan_on,35.537
2020-10-07 17:11:01,fan_on,35.537
2020-10-07 17:11:02,fan_on,35.537
2020-10-07 17:11:03,fan_on,36.024
2020-10-07 17:11:04,fan_on,35.05
2020-10-07 17:11:05,fan_on,36.024
2020-10-07 17:11:06,fan_on,35.05
2020-10-07 17:11:07,fan_on,35.05
2020-10-07 17:11:08,fan_on,36.024
2020-10-07 17:11:09,fan_on,36.024
2020-10-07 17:11:10,fan_on,35.537
2020-10-07 17:11:11,fan_on,36.511
2020-10-07 17:11:12,fan_on,35.05
2020-10-07 17:11:13,fan_on,36.511
2020-10-07 17:11:14,fan_on,36.024
2020-10-07 17:11:15,fan_on,36.024
2020-10-07 17:11:16,fan_on,35.537
2020-10-07 17:11:17,fan_on,35.537
2020-10-07 17:11:18,fan_on,36.024
2020-10-07 17:11:19,fan_on,36.511
2020-10-07 17:11:20,fan_on,36.024
2020-10-07 17:11:21,fan_on,35.537
2020-10-07 17:11:22,fan_on,35.537
2020-10-07 17:11:23,fan_on,36.511
2020-10-07 17:11:24,fan_on,36.024
2020-10-07 17:11:25,fan_on,36.024
2020-10-07 17:11:26,fan_on,35.537
2020-10-07 17:11:27,fan_on,36.024
2020-10-07 17:11:28,fan_on,35.537
2020-10-07 17:11:29,fan_on,35.537
2020-10-07 17:11:30,fan_on,36.024
2020-10-07 17:11:31,fan_on,34.563
2020-10-07 17:11:32,fan_on,35.05
2020-10-07 17:11:33,fan_on,36.511
2020-10-07 17:11:34,fan_on,36.024
2020-10-07 17:11:35,fan_on,35.537
2020-10-07 17:11:36,fan_on,36.511
2020-10-07 17:11:37,fan_on,35.05
2020-10-07 17:11:38,fan_on,35.537
2020-10-07 17:11:39,fan_on,35.537
2020-10-07 17:11:40,fan_on,35.537
2020-10-07 17:11:41,fan_on,36.511
2020-10-07 17:11:42,fan_on,36.511
2020-10-07 17:11:43,fan_on,36.024
2020-10-07 17:11:44,fan_on,35.537
2020-10-07 17:11:45,fan_on,35.537
2020-10-07 17:11:46,fan_on,36.511
2020-10-07 17:11:47,fan_on,36.511
2020-10-07 17:11:48,fan_on,36.024
2020-10-07 17:11:49,fan_on,36.024
2020-10-07 17:11:50,fan_on,35.537
2020-10-07 17:11:51,fan_on,35.537
2020-10-07 17:11:52,fan_on,35.05
2020-10-07 17:11:53,fan_on,35.537
2020-10-07 17:11:54,fan_on,35.05
2020-10-07 17:11:55,fan_on,36.024
2020-10-07 17:11:56,fan_on,35.537
2020-10-07 17:11:57,fan_on,36.024
2020-10-07 17:11:58,fan_on,36.024
2020-10-07 17:11:59,fan_on,36.511
2020-10-07 17:12:00,fan_on,36.511
2020-10-07 17:12:01,fan_on,35.537
2020-10-07 17:12:02,fan_on,35.537
2020-10-07 17:12:03,fan_on,35.537
2020-10-07 17:12:04,fan_on,35.05
2020-10-07 17:12:05,fan_on,36.998
2020-10-07 17:12:06,fan_on,35.05
2020-10-07 17:12:07,fan_on,35.537
2020-10-07 17:12:08,fan_on,36.024
2020-10-07 17:12:09,fan_on,36.511
2020-10-07 17:12:10,fan_on,35.05
2020-10-07 17:12:11,fan_on,36.511
2020-10-07 17:12:12,fan_on,36.024
2020-10-07 17:12:13,fan_on,35.537
2020-10-07 17:12:14,fan_on,35.537
2020-10-07 17:12:15,fan_on,36.024
2020-10-07 17:12:16,fan_on,36.511
2020-10-07 17:12:17,fan_on,38.459
2020-10-07 17:12:18,fan_on,35.537
2020-10-07 17:12:19,fan_on,36.024
2020-10-07 17:12:20,fan_on,37.485
2020-10-07 17:12:21,fan_on,36.511
2020-10-07 17:12:22,fan_on,35.537
2020-10-07 17:12:23,fan_on,36.511
2020-10-07 17:12:24,fan_on,36.024
2020-10-07 17:12:25,fan_on,36.511
2020-10-07 17:12:26,fan_on,36.998
2020-10-07 17:12:27,fan_on,36.024
2020-10-07 17:12:28,fan_on,35.537
2020-10-07 17:12:29,fan_on,36.024
2020-10-07 17:12:30,fan_on,35.537
2020-10-07 17:12:31,fan_on,35.537
2020-10-07 17:12:32,fan_on,35.537
2020-10-07 17:12:33,fan_on,36.024
2020-10-07 17:12:34,fan_on,36.024
2020-10-07 17:12:35,fan_on,35.537
2020-10-07 17:12:36,fan_on,36.511
2020-10-07 17:12:37,fan_on,36.024
2020-10-07 17:12:38,fan_on,35.537
2020-10-07 17:12:39,fan_on,35.05
2020-10-07 17:12:40,fan_on,36.998
2020-10-07 17:12:41,fan_on,35.537
2020-10-07 17:12:42,fan_on,35.05
2020-10-07 17:12:43,fan_on,35.537
2020-10-07 17:12:44,fan_on,36.511
2020-10-07 17:12:45,fan_on,36.024
2020-10-07 17:12:46,fan_on,35.05
2020-10-07 17:12:47,fan_on,35.537
2020-10-07 17:12:48,fan_on,36.024
2020-10-07 17:12:49,fan_on,35.537
2020-10-07 17:12:50,fan_on,35.05
2020-10-07 17:12:51,fan_on,36.024
2020-10-07 17:12:52,fan_on,35.05
2020-10-07 17:12:53,fan_on,35.537
2020-10-07 17:12:54,fan_on,35.537
2020-10-07 17:12:55,fan_on,35.537
2020-10-07 17:12:56,fan_on,36.024
2020-10-07 17:12:57,fan_on,36.511
2020-10-07 17:12:58,fan_on,35.537
2020-10-07 17:12:59,fan_on,35.537
2020-10-07 17:13:00,fan_on,35.537
2020-10-07 17:13:01,fan_on,35.05
2020-10-07 17:13:02,fan_on,36.511
2020-10-07 17:13:03,fan_on,36.024
2020-10-07 17:13:04,fan_on,36.024
2020-10-07 17:13:05,fan_on,36.024
2020-10-07 17:13:06,fan_on,35.537
2020-10-07 17:13:07,fan_on,35.537
2020-10-07 17:13:08,fan_on,36.024
2020-10-07 17:13:09,fan_on,36.024
2020-10-07 17:13:10,fan_on,36.024
2020-10-07 17:13:11,fan_on,36.511
2020-10-07 17:13:13,fan_on,36.024
2020-10-07 17:13:14,fan_on,35.05
2020-10-07 17:13:15,fan_on,36.024
2020-10-07 17:13:16,fan_on,36.024
2020-10-07 17:13:17,fan_on,36.511
2020-10-07 17:13:18,fan_on,36.511
2020-10-07 17:13:19,fan_on,36.024
2020-10-07 17:13:20,fan_on,35.537
2020-10-07 17:13:21,fan_on,36.024
2020-10-07 17:13:22,fan_on,36.511
2020-10-07 17:13:23,fan_on,36.511
2020-10-07 17:13:24,fan_on,35.537
2020-10-07 17:13:25,fan_on,36.511
2020-10-07 17:13:26,fan_on,36.024
2020-10-07 17:13:27,fan_on,36.511
2020-10-07 17:13:28,fan_on,35.537
2020-10-07 17:13:29,fan_on,36.998
2020-10-07 17:13:30,fan_on,36.024
2020-10-07 17:13:31,fan_on,36.511
2020-10-07 17:13:32,fan_on,36.024
2020-10-07 17:13:33,fan_on,36.024
2020-10-07 17:13:34,fan_on,36.024
2020-10-07 17:13:35,fan_on,36.998
2020-10-07 17:13:36,fan_on,36.511
2020-10-07 17:13:37,fan_on,36.024
2020-10-07 17:13:38,fan_on,37.485
2020-10-07 17:13:39,fan_on,36.998
2020-10-07 17:13:40,fan_on,36.998
2020-10-07 17:13:41,fan_on,37.485
2020-10-07 17:13:42,fan_on,36.024
2020-10-07 17:13:43,fan_on,36.511
2020-10-07 17:13:44,fan_on,36.511
2020-10-07 17:13:45,fan_on,36.998
2020-10-07 17:13:46,fan_on,36.511
2020-10-07 17:13:47,fan_on,36.998
2020-10-07 17:13:48,fan_on,36.998
2020-10-07 17:13:49,fan_on,36.998
2020-10-07 17:13:50,fan_on,36.024
2020-10-07 17:13:51,fan_on,36.024
2020-10-07 17:13:52,fan_on,37.485
2020-10-07 17:13:53,fan_on,36.511
2020-10-07 17:13:54,fan_on,36.998
2020-10-07 17:13:55,fan_on,36.998
2020-10-07 17:13:56,fan_on,37.485
2020-10-07 17:13:57,fan_on,36.024
2020-10-07 17:13:58,fan_on,36.998
2020-10-07 17:13:59,fan_on,36.998
2020-10-07 17:14:00,fan_on,36.998
2020-10-07 17:14:01,fan_on,36.511
2020-10-07 17:14:02,fan_on,36.024
2020-10-07 17:14:03,fan_on,36.511
2020-10-07 17:14:04,fan_on,36.511
2020-10-07 17:14:05,fan_on,37.485
2020-10-07 17:14:06,fan_on,36.511
2020-10-07 17:14:07,fan_on,37.485
2020-10-07 17:14:08,fan_on,36.998
2020-10-07 17:14:09,fan_on,36.998
2020-10-07 17:14:10,fan_on,36.998
2020-10-07 17:14:11,fan_on,36.998
2020-10-07 17:14:12,fan_on,37.972
2020-10-07 17:14:13,fan_on,36.998
2020-10-07 17:14:14,fan_on,38.459
2020-10-07 17:14:15,fan_on,37.972
2020-10-07 17:14:16,fan_on,36.511
2020-10-07 17:14:17,fan_on,36.998
2020-10-07 17:14:18,fan_on,37.485
2020-10-07 17:14:19,fan_on,36.511
2020-10-07 17:14:20,fan_on,37.485
2020-10-07 17:14:21,fan_on,36.024
2020-10-07 17:14:22,fan_on,37.485
2020-10-07 17:14:23,fan_on,36.511
2020-10-07 17:14:24,fan_on,36.998
2020-10-07 17:14:25,fan_on,37.972
2020-10-07 17:14:26,fan_on,36.024
2020-10-07 17:14:27,fan_on,37.972
2020-10-07 17:14:28,fan_on,37.485
2020-10-07 17:14:29,fan_on,37.972
2020-10-07 17:14:30,fan_on,36.998
2020-10-07 17:14:31,fan_on,36.511
2020-10-07 17:14:32,fan_on,36.511
2020-10-07 17:14:33,fan_on,37.972
2020-10-07 17:14:34,fan_on,37.972
2020-10-07 17:14:35,fan_on,37.485
2020-10-07 17:14:36,fan_on,37.485
2020-10-07 17:14:37,fan_on,36.998
2020-10-07 17:14:38,fan_on,36.511
2020-10-07 17:14:39,fan_on,36.511
2020-10-07 17:14:40,fan_on,37.485
2020-10-07 17:14:41,fan_on,37.485
2020-10-07 17:14:42,fan_on,37.972
2020-10-07 17:14:43,fan_on,37.485
2020-10-07 17:14:44,fan_on,36.024
2020-10-07 17:14:45,fan_on,36.998
2020-10-07 17:14:46,fan_on,36.998
2020-10-07 17:14:47,fan_on,37.485
2020-10-07 17:14:48,fan_on,37.485
2020-10-07 17:14:49,fan_on,37.485
2020-10-07 17:14:50,fan_on,37.485
2020-10-07 17:14:51,fan_on,36.998
2020-10-07 17:14:52,fan_on,37.485
2020-10-07 17:14:53,fan_on,36.511
2020-10-07 17:14:54,fan_on,36.998
2020-10-07 17:14:55,fan_on,37.485
2020-10-07 17:14:56,fan_on,37.972
2020-10-07 17:14:57,fan_on,37.485
2020-10-07 17:14:58,fan_on,36.998
2020-10-07 17:14:59,fan_on,36.024
2020-10-07 17:15:00,fan_on,36.998
2020-10-07 17:15:01,fan_on,36.998
2020-10-07 17:15:02,fan_on,36.511
2020-10-07 17:15:03,fan_on,37.972
2020-10-07 17:15:04,fan_on,36.511
2020-10-07 17:15:05,fan_on,36.998
2020-10-07 17:15:06,fan_on,36.998
2020-10-07 17:15:07,fan_on,36.511
2020-10-07 17:15:08,fan_on,36.511
2020-10-07 17:15:09,fan_on,36.998
2020-10-07 17:15:10,fan_on,37.485
2020-10-07 17:15:11,fan_on,36.024
2020-10-07 17:15:12,fan_on,35.537
2020-10-07 17:15:13,fan_on,36.024
2020-10-07 17:15:14,fan_on,36.998
2020-10-07 17:15:15,fan_on,36.998
2020-10-07 17:15:16,fan_on,37.485
2020-10-07 17:15:17,fan_on,36.511
2020-10-07 17:15:18,fan_on,36.998
2020-10-07 17:15:19,fan_on,36.998
2020-10-07 17:15:20,fan_on,37.972
2020-10-07 17:15:21,fan_on,37.485
2020-10-07 17:15:22,fan_on,36.998
2020-10-07 17:15:23,fan_on,36.998
2020-10-07 17:15:24,fan_on,36.998
2020-10-07 17:15:25,fan_on,36.024
2020-10-07 17:15:26,fan_on,37.485
2020-10-07 17:15:27,fan_on,36.511
2020-10-07 17:15:28,fan_on,36.998
2020-10-07 17:15:29,fan_on,36.998
2020-10-07 17:15:30,fan_on,36.998
2020-10-07 17:15:31,fan_on,36.998
2020-10-07 17:15:32,fan_on,36.998
2020-10-07 17:15:33,fan_on,37.485
2020-10-07 17:15:34,fan_on,36.024
2020-10-07 17:15:35,fan_on,37.485
2020-10-07 17:15:36,fan_on,37.485
2020-10-07 17:15:37,fan_on,37.485
2020-10-07 17:15:38,fan_on,36.998
2020-10-07 17:15:39,fan_on,36.511
2020-10-07 17:15:40,fan_on,37.485
2020-10-07 17:15:41,fan_on,37.972
2020-10-07 17:15:42,fan_on,37.485
2020-10-07 17:15:43,fan_on,37.485
2020-10-07 17:15:44,fan_on,37.485
2020-10-07 17:15:45,fan_on,37.972
2020-10-07 17:15:46,fan_on,36.998
2020-10-07 17:15:47,fan_on,36.998
2020-10-07 17:15:48,fan_on,36.998
2020-10-07 17:15:49,fan_on,36.998
2020-10-07 17:15:50,fan_on,36.998
2020-10-07 17:15:51,fan_on,36.511
2020-10-07 17:15:52,fan_on,36.998
2020-10-07 17:15:53,fan_on,37.972
2020-10-07 17:15:54,fan_on,37.485
2020-10-07 17:15:55,fan_on,37.485
2020-10-07 17:15:56,fan_on,37.485
2020-10-07 17:15:57,fan_on,36.998
2020-10-07 17:15:58,fan_on,37.972
2020-10-07 17:15:59,fan_on,37.485
2020-10-07 17:16:00,fan_on,36.024
2020-10-07 17:16:01,fan_on,36.998
2020-10-07 17:16:02,fan_on,36.998
2020-10-07 17:16:03,fan_on,37.485
2020-10-07 17:16:04,fan_on,36.998
2020-10-07 17:16:05,fan_on,36.998
2020-10-07 17:16:06,fan_on,36.998
2020-10-07 17:16:07,fan_on,36.998
2020-10-07 17:16:08,fan_on,37.485
2020-10-07 17:16:09,fan_on,37.485
2020-10-07 17:16:10,fan_on,36.998
2020-10-07 17:16:11,fan_on,37.972
2020-10-07 17:16:12,fan_on,37.972
2020-10-07 17:16:13,fan_on,37.972
2020-10-07 17:16:14,fan_on,37.485
2020-10-07 17:16:15,fan_on,36.998
2020-10-07 17:16:16,fan_on,37.485
2020-10-07 17:16:17,fan_on,36.998
2020-10-07 17:16:18,fan_on,36.998
2020-10-07 17:16:19,fan_on,37.972
2020-10-07 17:16:20,fan_on,37.972
2020-10-07 17:16:21,fan_on,36.511
2020-10-07 17:16:22,fan_on,36.511
2020-10-07 17:16:23,fan_on,37.972
2020-10-07 17:16:24,fan_on,36.998
2020-10-07 17:16:25,fan_on,37.485
2020-10-07 17:16:26,fan_on,36.998
2020-10-07 17:16:27,fan_on,36.998
2020-10-07 17:16:28,fan_on,37.485
2020-10-07 17:16:29,fan_on,37.485
2020-10-07 17:16:30,fan_on,37.972
2020-10-07 17:16:31,fan_on,36.998
2020-10-07 17:16:32,fan_on,36.998
2020-10-07 17:16:33,fan_on,36.998
2020-10-07 17:16:34,fan_on,37.485
2020-10-07 17:16:35,fan_on,37.485
2020-10-07 17:16:36,fan_on,38.459
2020-10-07 17:16:37,fan_on,36.511
2020-10-07 17:16:38,fan_on,36.998
2020-10-07 17:16:39,fan_on,37.485
2020-10-07 17:16:40,fan_on,36.998
2020-10-07 17:16:41,fan_on,36.998
2020-10-07 17:16:42,fan_on,37.485
2020-10-07 17:16:43,fan_on,37.485
2020-10-07 17:16:44,fan_on,36.998
2020-10-07 17:16:45,fan_on,36.998
2020-10-07 17:16:46,fan_on,36.998
2020-10-07 17:16:47,fan_on,36.998
2020-10-07 17:16:48,fan_on,36.998
2020-10-07 17:16:49,fan_on,36.998
2020-10-07 17:16:50,fan_on,36.998
2020-10-07 17:16:51,fan_on,36.998
2020-10-07 17:16:52,fan_on,37.972
2020-10-07 17:16:53,fan_on,37.485
2020-10-07 17:16:54,fan_on,36.998
2020-10-07 17:16:55,fan_on,38.946
2020-10-07 17:16:56,fan_on,37.485
2020-10-07 17:16:57,fan_on,37.972
2020-10-07 17:16:58,fan_on,37.485
2020-10-07 17:16:59,fan_on,37.972
2020-10-07 17:17:00,fan_on,38.459
2020-10-07 17:17:01,fan_on,36.998
2020-10-07 17:17:02,fan_on,37.485
2020-10-07 17:17:03,fan_on,37.972
2020-10-07 17:17:04,fan_on,37.972
2020-10-07 17:17:05,fan_on,37.972
2020-10-07 17:17:06,fan_on,37.485
2020-10-07 17:17:07,fan_on,35.537
2020-10-07 17:17:08,fan_on,36.998
2020-10-07 17:17:09,fan_on,37.485
2020-10-07 17:17:10,fan_on,36.511
2020-10-07 17:17:11,fan_on,36.998
2020-10-07 17:17:12,fan_on,37.485
2020-10-07 17:17:13,fan_on,37.972
2020-10-07 17:17:14,fan_on,36.511
2020-10-07 17:17:15,fan_on,35.537
2020-10-07 17:17:16,fan_on,37.972
2020-10-07 17:17:17,fan_on,37.485
2020-10-07 17:17:18,fan_on,37.972
2020-10-07 17:17:19,fan_on,36.998
2020-10-07 17:17:20,fan_on,36.998
2020-10-07 17:17:21,fan_on,37.485
2020-10-07 17:17:22,fan_on,36.511
2020-10-07 17:17:23,fan_on,37.485
2020-10-07 17:17:24,fan_on,36.511
2020-10-07 17:17:25,fan_on,36.998
2020-10-07 17:17:26,fan_on,36.998
2020-10-07 17:17:27,fan_on,36.511
2020-10-07 17:17:28,fan_on,36.511
2020-10-07 17:17:29,fan_on,37.972
2020-10-07 17:17:30,fan_on,37.485
2020-10-07 17:17:31,fan_on,37.485
2020-10-07 17:17:32,fan_on,36.998
2020-10-07 17:17:33,fan_on,36.511
2020-10-07 17:17:34,fan_on,37.485
2020-10-07 17:17:35,fan_on,37.485
2020-10-07 17:17:36,fan_on,37.485
2020-10-07 17:17:37,fan_on,37.485
2020-10-07 17:17:38,fan_on,37.485
2020-10-07 17:17:39,fan_on,36.511
2020-10-07 17:17:40,fan_on,37.485
2020-10-07 17:17:41,fan_on,36.511
2020-10-07 17:17:42,fan_on,37.972
2020-10-07 17:17:43,fan_on,37.485
2020-10-07 17:17:44,fan_on,37.972
2020-10-07 17:17:45,fan_on,37.972
2020-10-07 17:17:46,fan_on,36.998
2020-10-07 17:17:47,fan_on,36.998
2020-10-07 17:17:48,fan_on,37.972
2020-10-07 17:17:49,fan_on,37.972
2020-10-07 17:17:50,fan_on,37.972
2020-10-07 17:17:51,fan_on,36.998
2020-10-07 17:17:52,fan_on,37.972
2020-10-07 17:17:53,fan_on,38.459
2020-10-07 17:17:54,fan_on,37.485
2020-10-07 17:17:55,fan_on,38.459
2020-10-07 17:17:56,fan_on,37.972
2020-10-07 17:17:57,fan_on,37.485
2020-10-07 17:17:58,fan_on,37.485
2020-10-07 17:17:59,fan_on,36.998
2020-10-07 17:18:00,fan_on,36.998
2020-10-07 17:18:01,fan_on,37.972
2020-10-07 17:18:02,fan_on,36.998
2020-10-07 17:18:03,fan_on,36.998
2020-10-07 17:18:04,fan_on,36.998
2020-10-07 17:18:05,fan_on,37.972
2020-10-07 17:18:06,fan_on,36.511
2020-10-07 17:18:07,fan_on,36.998
2020-10-07 17:18:08,fan_on,36.998
2020-10-07 17:18:09,fan_on,37.485
2020-10-07 17:18:10,fan_on,36.998
2020-10-07 17:18:11,fan_on,37.485
2020-10-07 17:18:12,fan_on,37.485
2020-10-07 17:18:13,fan_on,36.511
2020-10-07 17:18:14,fan_on,36.511
2020-10-07 17:18:15,fan_on,36.998
2020-10-07 17:18:16,fan_on,37.485
2020-10-07 17:18:17,fan_on,36.511
2020-10-07 17:18:18,fan_on,37.485
2020-10-07 17:18:19,fan_on,37.485
2020-10-07 17:18:20,fan_on,37.485
2020-10-07 17:18:21,fan_on,36.998
2020-10-07 17:18:22,fan_on,37.972
2020-10-07 17:18:23,fan_on,36.511
2020-10-07 17:18:24,fan_on,36.998
2020-10-07 17:18:25,fan_on,37.485
2020-10-07 17:18:26,fan_on,36.998
2020-10-07 17:18:27,fan_on,36.511
2020-10-07 17:18:28,fan_on,36.511
2020-10-07 17:18:29,fan_on,36.998
2020-10-07 17:18:30,fan_on,37.485
2020-10-07 17:18:31,fan_on,37.485
2020-10-07 17:18:32,fan_on,37.485
2020-10-07 17:18:33,fan_on,37.972
2020-10-07 17:18:34,fan_on,37.972
2020-10-07 17:18:35,fan_on,36.998
2020-10-07 17:18:36,fan_on,37.485
2020-10-07 17:18:37,fan_on,36.998
2020-10-07 17:18:38,fan_on,38.946
2020-10-07 17:18:39,fan_on,37.972
2020-10-07 17:18:40,fan_on,37.485
2020-10-07 17:18:41,fan_on,36.511
2020-10-07 17:18:42,fan_on,37.972
2020-10-07 17:18:43,fan_on,38.459
2020-10-07 17:18:44,fan_on,37.972
2020-10-07 17:18:45,fan_on,37.972
2020-10-07 17:18:46,fan_on,38.459
2020-10-07 17:18:47,fan_on,37.972
2020-10-07 17:18:48,fan_on,38.459
2020-10-07 17:18:49,fan_on,37.485
2020-10-07 17:18:50,fan_on,37.972
2020-10-07 17:18:51,fan_on,37.485
2020-10-07 17:18:52,fan_on,37.972
2020-10-07 17:18:53,fan_on,37.485
2020-10-07 17:18:54,fan_on,37.972
2020-10-07 17:18:55,fan_on,36.998
2020-10-07 17:18:56,fan_on,36.998
2020-10-07 17:18:57,fan_on,37.972
2020-10-07 17:18:58,fan_on,37.485
2020-10-07 17:18:59,fan_on,36.998
2020-10-07 17:19:00,fan_on,36.998
2020-10-07 17:19:01,fan_on,37.485
2020-10-07 17:19:02,fan_on,37.972
2020-10-07 17:19:03,fan_on,37.485
2020-10-07 17:19:04,fan_on,38.459
2020-10-07 17:19:05,fan_on,38.459
2020-10-07 17:19:06,fan_on,37.485
2020-10-07 17:19:07,fan_on,37.972
2020-10-07 17:19:08,fan_on,37.485
2020-10-07 17:19:09,fan_on,36.998
2020-10-07 17:19:10,fan_on,36.998
2020-10-07 17:19:11,fan_on,37.972
2020-10-07 17:19:12,fan_on,37.485
2020-10-07 17:19:13,fan_on,37.485
2020-10-07 17:19:14,fan_on,38.459
2020-10-07 17:19:15,fan_on,36.511
2020-10-07 17:19:16,fan_on,37.485
2020-10-07 17:19:17,fan_on,36.511
2020-10-07 17:19:18,fan_on,36.998
2020-10-07 17:19:19,fan_on,37.972
2020-10-07 17:19:20,fan_on,37.972
2020-10-07 17:19:21,fan_on,37.485
2020-10-07 17:19:22,fan_on,37.485
2020-10-07 17:19:23,fan_on,37.485
2020-10-07 17:19:24,fan_on,37.485
2020-10-07 17:19:25,fan_on,38.946
2020-10-07 17:19:26,fan_on,37.485
2020-10-07 17:19:27,fan_on,36.998
2020-10-07 17:19:28,fan_on,37.972
2020-10-07 17:19:29,fan_on,36.998
2020-10-07 17:19:30,fan_on,36.998
2020-10-07 17:19:31,fan_on,37.485
2020-10-07 17:19:32,fan_on,37.972
2020-10-07 17:19:33,fan_on,36.511
2020-10-07 17:19:34,fan_on,37.972
2020-10-07 17:19:35,fan_on,37.972
2020-10-07 17:19:36,fan_on,37.485
2020-10-07 17:19:37,fan_on,38.459
2020-10-07 17:19:38,fan_on,37.485
2020-10-07 17:19:39,fan_on,37.485
2020-10-07 17:19:40,fan_on,38.946
2020-10-07 17:19:41,fan_on,38.459
2020-10-07 17:19:42,fan_on,37.485
2020-10-07 17:19:43,fan_on,37.972
2020-10-07 17:19:44,fan_on,37.485
2020-10-07 17:19:45,fan_on,36.998
2020-10-07 17:19:46,fan_on,36.998
2020-10-07 17:19:47,fan_on,36.998
2020-10-07 17:19:48,fan_on,37.485
2020-10-07 17:19:49,fan_on,36.998
2020-10-07 17:19:50,fan_on,37.485
2020-10-07 17:19:51,fan_on,36.998
2020-10-07 17:19:52,fan_on,36.998
2020-10-07 17:19:53,fan_on,37.485
2020-10-07 17:19:54,fan_on,37.485
2020-10-07 17:19:55,fan_on,37.972
2020-10-07 17:19:57,fan_on,38.459
2020-10-07 17:19:58,fan_on,36.998
2020-10-07 17:19:59,fan_on,37.485
2020-10-07 17:20:00,fan_on,36.998
2020-10-07 17:20:01,fan_on,36.998
2020-10-07 17:20:02,fan_on,36.998
2020-10-07 17:20:03,fan_on,37.972
2020-10-07 17:20:04,fan_on,37.485
2020-10-07 17:20:05,fan_on,37.972
2020-10-07 17:20:06,fan_on,37.485
2020-10-07 17:20:07,fan_on,37.485
2020-10-07 17:20:08,fan_on,37.485
2020-10-07 17:20:09,fan_on,38.459
2020-10-07 17:20:10,fan_on,37.485
2020-10-07 17:20:11,fan_on,37.485
2020-10-07 17:20:12,fan_on,36.998
2020-10-07 17:20:13,fan_on,36.511
2020-10-07 17:20:14,fan_on,37.485
2020-10-07 17:20:15,fan_on,37.485
2020-10-07 17:20:16,fan_on,37.485
2020-10-07 17:20:17,fan_on,36.998
2020-10-07 17:20:18,fan_on,36.511
2020-10-07 17:20:19,fan_on,37.972
2020-10-07 17:20:20,fan_on,39.433
2020-10-07 17:20:21,fan_on,38.459
2020-10-07 17:20:22,fan_on,37.972
2020-10-07 17:20:23,fan_on,36.511
2020-10-07 17:20:24,fan_on,37.485
2020-10-07 17:20:25,fan_on,37.972
2020-10-07 17:20:26,fan_on,37.972
2020-10-07 17:20:27,fan_on,37.485
2020-10-07 17:20:28,fan_on,37.485
2020-10-07 17:20:29,fan_on,37.485
2020-10-07 17:20:30,fan_on,37.485
2020-10-07 17:20:31,fan_on,36.511
2020-10-07 17:20:32,fan_on,37.972
2020-10-07 17:20:33,fan_on,37.972
2020-10-07 17:20:34,fan_on,37.972
2020-10-07 17:20:35,fan_on,37.972
2020-10-07 17:20:36,fan_on,36.998
2020-10-07 17:20:37,fan_on,37.485
2020-10-07 17:20:38,fan_on,38.946
2020-10-07 17:20:39,fan_on,37.485
2020-10-07 17:20:40,fan_on,36.998
2020-10-07 17:20:41,fan_on,37.485
2020-10-07 17:20:42,fan_on,38.946
2020-10-07 17:20:43,fan_on,37.485
2020-10-07 17:20:44,fan_on,36.511
2020-10-07 17:20:45,fan_on,37.485
2020-10-07 17:20:46,fan_on,37.485
2020-10-07 17:20:47,fan_on,37.485
2020-10-07 17:20:48,fan_on,37.485
2020-10-07 17:20:49,fan_on,37.972
2020-10-07 17:20:50,fan_on,37.485
2020-10-07 17:20:51,fan_on,37.972
2020-10-07 17:20:52,fan_on,38.459
2020-10-07 17:20:53,fan_on,36.998
2020-10-07 17:20:54,fan_on,37.972
2020-10-07 17:20:55,fan_on,37.485
2020-10-07 17:20:56,fan_on,37.972
2020-10-07 17:20:57,fan_on,36.998
2020-10-07 17:20:58,fan_on,38.459
2020-10-07 17:20:59,fan_on,37.485
2020-10-07 17:21:00,fan_on,36.511
2020-10-07 17:21:01,fan_on,36.511
2020-10-07 17:21:02,fan_on,36.998
2020-10-07 17:21:03,fan_on,37.485
2020-10-07 17:21:04,fan_on,37.485
2020-10-07 17:21:05,fan_on,37.485
2020-10-07 17:21:06,fan_on,36.998
2020-10-07 17:21:07,fan_on,37.485
2020-10-07 17:21:08,fan_on,37.485
2020-10-07 17:21:09,fan_on,37.485
2020-10-07 17:21:10,fan_on,36.511
2020-10-07 17:21:11,fan_on,37.485
2020-10-07 17:21:12,fan_on,36.511
2020-10-07 17:21:13,fan_on,37.485
2020-10-07 17:21:14,fan_on,36.998
2020-10-07 17:21:15,fan_on,36.511
2020-10-07 17:21:16,fan_on,36.998
2020-10-07 17:21:17,fan_on,36.998
2020-10-07 17:21:18,fan_on,37.485
2020-10-07 17:21:19,fan_on,36.024
2020-10-07 17:21:20,fan_on,36.024
2020-10-07 17:21:21,fan_on,36.998
2020-10-07 17:21:22,fan_on,37.485
2020-10-07 17:21:23,fan_on,36.511
2020-10-07 17:21:24,fan_on,36.998
2020-10-07 17:21:25,fan_on,37.485
2020-10-07 17:21:26,fan_on,36.511
2020-10-07 17:21:27,fan_on,36.511
2020-10-07 17:21:28,fan_on,37.485
2020-10-07 17:21:29,fan_on,37.485
2020-10-07 17:21:30,fan_on,37.972
2020-10-07 17:21:31,fan_on,36.998
2020-10-07 17:21:32,fan_on,36.998
2020-10-07 17:21:33,fan_on,36.998
2020-10-07 17:21:34,fan_on,36.998
2020-10-07 17:21:35,fan_on,38.459
2020-10-07 17:21:36,fan_on,36.998
2020-10-07 17:21:37,fan_on,37.972
2020-10-07 17:21:38,fan_on,37.485
2020-10-07 17:21:39,fan_on,37.485
2020-10-07 17:21:40,fan_on,37.972
2020-10-07 17:21:41,fan_on,36.998
2020-10-07 17:21:42,fan_on,38.459
2020-10-07 17:21:43,fan_on,38.459
2020-10-07 17:21:44,fan_on,37.972
2020-10-07 17:21:45,fan_on,37.972
2020-10-07 17:21:46,fan_on,36.998
2020-10-07 17:21:47,fan_on,37.485
2020-10-07 17:21:48,fan_on,38.459
2020-10-07 17:21:49,fan_on,37.485
2020-10-07 17:21:50,fan_on,37.972
2020-10-07 17:21:51,fan_on,37.485
2020-10-07 17:21:52,fan_on,37.972
2020-10-07 17:21:53,fan_on,37.485
2020-10-07 17:21:54,fan_on,36.998
2020-10-07 17:21:55,fan_on,37.485
2020-10-07 17:21:56,fan_on,37.485
2020-10-07 17:21:57,fan_on,37.485
2020-10-07 17:21:58,fan_on,37.972
2020-10-07 17:21:59,fan_on,39.433
2020-10-07 17:22:00,fan_on,36.998
2020-10-07 17:22:01,fan_on,36.998
2020-10-07 17:22:02,fan_on,36.998
2020-10-07 17:22:03,fan_on,36.998
2020-10-07 17:22:04,fan_on,37.485
2020-10-07 17:22:05,fan_on,36.511
2020-10-07 17:22:06,fan_on,37.485
2020-10-07 17:22:07,fan_on,37.972
2020-10-07 17:22:08,fan_on,37.485
2020-10-07 17:22:09,fan_on,38.946
2020-10-07 17:22:10,fan_on,37.972
2020-10-07 17:22:11,fan_on,36.511
2020-10-07 17:22:12,fan_on,37.485
2020-10-07 17:22:13,fan_on,37.485
2020-10-07 17:22:14,fan_on,37.485
2020-10-07 17:22:15,fan_on,36.998
2020-10-07 17:22:16,fan_on,36.998
2020-10-07 17:22:17,fan_on,37.485
2020-10-07 17:22:18,fan_on,37.485
2020-10-07 17:22:19,fan_on,37.972
2020-10-07 17:22:20,fan_on,37.972
2020-10-07 17:22:21,fan_on,37.485
2020-10-07 17:22:22,fan_on,37.972
2020-10-07 17:22:23,fan_on,37.485
2020-10-07 17:22:24,fan_on,37.485
2020-10-07 17:22:25,fan_on,36.998
2020-10-07 17:22:26,fan_on,37.485
2020-10-07 17:22:27,fan_on,37.485
2020-10-07 17:22:28,fan_on,37.485
2020-10-07 17:22:29,fan_on,38.459
2020-10-07 17:22:30,fan_on,37.485
2020-10-07 17:22:31,fan_on,38.459
2020-10-07 17:22:32,fan_on,36.998
2020-10-07 17:22:33,fan_on,37.972
2020-10-07 17:22:34,fan_on,37.485
2020-10-07 17:22:35,fan_on,37.485
2020-10-07 17:22:36,fan_on,37.485
2020-10-07 17:22:37,fan_on,37.972
2020-10-07 17:22:38,fan_on,38.946
2020-10-07 17:22:39,fan_on,36.998
2020-10-07 17:22:40,fan_on,37.485
2020-10-07 17:22:41,fan_on,37.485
2020-10-07 17:22:42,fan_on,36.998
2020-10-07 17:22:43,fan_on,37.485
2020-10-07 17:22:44,fan_on,37.485
2020-10-07 17:22:45,fan_on,37.485
2020-10-07 17:22:46,fan_on,37.485
2020-10-07 17:22:47,fan_on,37.972
2020-10-07 17:22:48,fan_on,37.485
2020-10-07 17:22:49,fan_on,37.485
2020-10-07 17:22:50,fan_on,37.485
2020-10-07 17:22:51,fan_on,37.485
2020-10-07 17:22:52,fan_on,37.972
2020-10-07 17:22:53,fan_on,36.998
2020-10-07 17:22:54,fan_on,37.485
2020-10-07 17:22:55,fan_on,37.485
2020-10-07 17:22:56,fan_on,36.998
2020-10-07 17:22:57,fan_on,37.972
2020-10-07 17:22:58,fan_on,37.972
2020-10-07 17:22:59,fan_on,37.485
2020-10-07 17:23:00,fan_on,37.972
2020-10-07 17:23:01,fan_on,36.998
2020-10-07 17:23:02,fan_on,36.511
2020-10-07 17:23:03,fan_on,36.998
2020-10-07 17:23:04,fan_on,37.485
2020-10-07 17:23:05,fan_on,38.459
2020-10-07 17:23:06,fan_on,38.946
2020-10-07 17:23:07,fan_on,38.459
2020-10-07 17:23:08,fan_on,38.946
2020-10-07 17:23:09,fan_on,38.459
2020-10-07 17:23:10,fan_on,37.972
2020-10-07 17:23:11,fan_on,37.485
2020-10-07 17:23:12,fan_on,37.485
2020-10-07 17:23:13,fan_on,37.485
2020-10-07 17:23:14,fan_on,37.485
2020-10-07 17:23:15,fan_on,36.511
2020-10-07 17:23:16,fan_on,36.511
2020-10-07 17:23:17,fan_on,36.998
2020-10-07 17:23:18,fan_on,36.998
2020-10-07 17:23:19,fan_on,37.485
2020-10-07 17:23:20,fan_on,37.972
2020-10-07 17:23:21,fan_on,38.946
2020-10-07 17:23:22,fan_on,37.972
2020-10-07 17:23:23,fan_on,37.485
2020-10-07 17:23:24,fan_on,37.972
2020-10-07 17:23:25,fan_on,36.998
2020-10-07 17:23:26,fan_on,36.998
2020-10-07 17:23:27,fan_on,37.972
2020-10-07 17:23:28,fan_on,37.972
2020-10-07 17:23:29,fan_on,37.485
2020-10-07 17:23:30,fan_on,37.485
2020-10-07 17:23:31,fan_on,37.485
2020-10-07 17:23:32,fan_on,37.485
2020-10-07 17:23:33,fan_on,37.972
2020-10-07 17:23:34,fan_on,37.485
2020-10-07 17:23:35,fan_on,37.485
2020-10-07 17:23:36,fan_on,37.485
2020-10-07 17:23:37,fan_on,36.511
2020-10-07 17:23:38,fan_on,36.511
2020-10-07 17:23:39,fan_on,36.511
2020-10-07 17:23:40,fan_on,37.485
2020-10-07 17:23:41,fan_on,37.485
2020-10-07 17:23:42,fan_on,37.485
2020-10-07 17:23:43,fan_on,37.485
2020-10-07 17:23:44,fan_on,37.485
2020-10-07 17:23:45,fan_on,37.972
2020-10-07 17:23:46,fan_on,36.998
2020-10-07 17:23:47,fan_on,37.972
2020-10-07 17:23:48,fan_on,37.972
2020-10-07 17:23:49,fan_on,37.485
2020-10-07 17:23:50,fan_on,37.485
2020-10-07 17:23:51,fan_on,38.459
2020-10-07 17:23:52,fan_on,37.485
2020-10-07 17:23:53,fan_on,36.998
2020-10-07 17:23:54,fan_on,38.459
2020-10-07 17:23:55,fan_on,37.485
2020-10-07 17:23:56,fan_on,37.485
2020-10-07 17:23:57,fan_on,37.485
2020-10-07 17:23:58,fan_on,37.485
2020-10-07 17:23:59,fan_on,37.485
2020-10-07 17:24:00,fan_on,37.485
2020-10-07 17:24:01,fan_on,38.459
2020-10-07 17:24:02,fan_on,37.972
2020-10-07 17:24:03,fan_on,37.485
2020-10-07 17:24:04,fan_on,38.459
2020-10-07 17:24:05,fan_on,38.946
2020-10-07 17:24:06,fan_on,37.972
2020-10-07 17:24:07,fan_on,39.433
2020-10-07 17:24:08,fan_on,37.972
2020-10-07 17:24:09,fan_on,37.972
2020-10-07 17:24:10,fan_on,38.946
2020-10-07 17:24:11,fan_on,37.972
2020-10-07 17:24:12,fan_on,38.459
2020-10-07 17:24:13,fan_on,37.972
2020-10-07 17:24:14,fan_on,39.92
2020-10-07 17:24:15,fan_on,37.972
2020-10-07 17:24:16,fan_on,39.92
2020-10-07 17:24:17,fan_on,37.972
2020-10-07 17:24:18,fan_on,38.946
2020-10-07 17:24:19,fan_on,38.459
2020-10-07 17:24:20,fan_on,36.998
2020-10-07 17:24:21,fan_on,36.998
2020-10-07 17:24:22,fan_on,37.485
2020-10-07 17:24:23,fan_on,37.972
2020-10-07 17:24:24,fan_on,37.972
2020-10-07 17:24:25,fan_on,37.485
2020-10-07 17:24:26,fan_on,37.972
2020-10-07 17:24:27,fan_on,39.92
2020-10-07 17:24:28,fan_on,39.433
2020-10-07 17:24:29,fan_on,38.946
2020-10-07 17:24:30,fan_on,37.972
2020-10-07 17:24:31,fan_on,38.946
2020-10-07 17:24:32,fan_on,38.946
2020-10-07 17:24:33,fan_on,38.459
2020-10-07 17:24:34,fan_on,37.972
2020-10-07 17:24:35,fan_on,38.946
2020-10-07 17:24:36,fan_on,38.459
2020-10-07 17:24:37,fan_on,37.972
2020-10-07 17:24:38,fan_on,38.946
2020-10-07 17:24:39,fan_on,37.972
2020-10-07 17:24:40,fan_on,39.433
2020-10-07 17:24:41,fan_on,39.433
2020-10-07 17:24:42,fan_on,39.433
2020-10-07 17:24:43,fan_on,38.459
2020-10-07 17:24:44,fan_on,37.972
2020-10-07 17:24:45,fan_on,37.972
2020-10-07 17:24:46,fan_on,37.972
2020-10-07 17:24:47,fan_on,37.972
2020-10-07 17:24:48,fan_on,37.972
2020-10-07 17:24:49,fan_on,37.485
2020-10-07 17:24:50,fan_on,38.459
2020-10-07 17:24:51,fan_on,37.972
2020-10-07 17:24:52,fan_on,36.998
2020-10-07 17:24:53,fan_on,37.485
2020-10-07 17:24:54,fan_on,37.972
2020-10-07 17:24:55,fan_on,38.459
2020-10-07 17:24:56,fan_on,37.972
2020-10-07 17:24:57,fan_on,36.998
2020-10-07 17:24:58,fan_on,37.972
2020-10-07 17:24:59,fan_on,39.433
2020-10-07 17:25:00,fan_on,39.433
2020-10-07 17:25:01,fan_on,38.459
2020-10-07 17:25:02,fan_on,38.459
2020-10-07 17:25:03,fan_on,38.459
2020-10-07 17:25:04,fan_on,37.972
2020-10-07 17:25:05,fan_on,37.972
2020-10-07 17:25:06,fan_on,38.459
2020-10-07 17:25:07,fan_on,38.459
2020-10-07 17:25:08,fan_on,37.485
2020-10-07 17:25:09,fan_on,37.972
2020-10-07 17:25:10,fan_on,37.972
2020-10-07 17:25:11,fan_on,38.946
2020-10-07 17:25:12,fan_on,38.946
2020-10-07 17:25:13,fan_on,38.459
2020-10-07 17:25:14,fan_on,39.433
2020-10-07 17:25:15,fan_on,37.972
2020-10-07 17:25:16,fan_on,38.946
2020-10-07 17:25:17,fan_on,37.485
2020-10-07 17:25:18,fan_on,37.485
2020-10-07 17:25:19,fan_on,38.459
2020-10-07 17:25:20,fan_on,38.459
2020-10-07 17:25:21,fan_on,38.459
2020-10-07 17:25:22,fan_on,38.459
2020-10-07 17:25:23,fan_on,38.946
2020-10-07 17:25:24,fan_on,39.92
2020-10-07 17:25:25,fan_on,40.894
2020-10-07 17:25:26,fan_on,40.407
2020-10-07 17:25:27,fan_on,40.407
2020-10-07 17:25:28,fan_on,39.433
2020-10-07 17:25:29,fan_on,38.946
2020-10-07 17:25:30,fan_on,39.92
2020-10-07 17:25:31,fan_on,39.433
2020-10-07 17:25:32,fan_on,38.946
2020-10-07 17:25:33,fan_on,38.459
2020-10-07 17:25:34,fan_on,38.459
2020-10-07 17:25:35,fan_on,39.433
2020-10-07 17:25:36,fan_on,38.946
2020-10-07 17:25:37,fan_on,38.946
2020-10-07 17:25:38,fan_on,40.894
2020-10-07 17:25:39,fan_on,39.92
2020-10-07 17:25:40,fan_on,39.433
2020-10-07 17:25:41,fan_on,38.946
2020-10-07 17:25:42,fan_on,39.92
2020-10-07 17:25:43,fan_on,39.92
2020-10-07 17:25:44,fan_on,39.92
2020-10-07 17:25:45,fan_on,38.946
2020-10-07 17:25:46,fan_on,39.433
2020-10-07 17:25:47,fan_on,40.894
2020-10-07 17:25:48,fan_on,40.407
2020-10-07 17:25:49,fan_on,39.433
2020-10-07 17:25:50,fan_on,40.407
2020-10-07 17:25:51,fan_on,40.894
2020-10-07 17:25:52,fan_on,41.381
2020-10-07 17:25:53,fan_on,41.381
2020-10-07 17:25:54,fan_on,41.381
2020-10-07 17:25:55,fan_on,41.381
2020-10-07 17:25:56,fan_on,41.381
2020-10-07 17:25:57,fan_on,39.433
2020-10-07 17:25:58,fan_on,39.433
2020-10-07 17:25:59,fan_on,39.92
2020-10-07 17:26:00,fan_on,41.381
2020-10-07 17:26:01,fan_on,38.946
2020-10-07 17:26:02,fan_on,40.894
2020-10-07 17:26:03,fan_on,39.92
2020-10-07 17:26:04,fan_on,40.407
2020-10-07 17:26:05,fan_on,41.381
2020-10-07 17:26:06,fan_on,41.381
2020-10-07 17:26:07,fan_on,39.92
2020-10-07 17:26:08,fan_on,41.381
2020-10-07 17:26:09,fan_on,40.894
2020-10-07 17:26:10,fan_on,39.92
2020-10-07 17:26:11,fan_on,40.407
2020-10-07 17:26:12,fan_on,41.381
2020-10-07 17:26:13,fan_on,38.946
2020-10-07 17:26:14,fan_on,38.459
2020-10-07 17:26:15,fan_on,39.433
2020-10-07 17:26:16,fan_on,38.459
2020-10-07 17:26:17,fan_on,37.972
2020-10-07 17:26:18,fan_on,38.459
2020-10-07 17:26:19,fan_on,38.459
2020-10-07 17:26:20,fan_on,38.459
2020-10-07 17:26:21,fan_on,37.972
2020-10-07 17:26:22,fan_on,37.485
2020-10-07 17:26:23,fan_on,37.485
2020-10-07 17:26:24,fan_on,36.998
2020-10-07 17:26:25,fan_on,36.998
2020-10-07 17:26:26,fan_on,36.998
2020-10-07 17:26:27,fan_on,36.998
2020-10-07 17:26:28,fan_on,37.972
2020-10-07 17:26:29,fan_on,37.485
2020-10-07 17:26:30,fan_on,38.459
2020-10-07 17:26:31,fan_on,38.946
2020-10-07 17:26:32,fan_on,39.92
2020-10-07 17:26:33,fan_on,38.459
2020-10-07 17:26:34,fan_on,39.433
2020-10-07 17:26:35,fan_on,38.946
2020-10-07 17:26:36,fan_on,37.972
2020-10-07 17:26:38,fan_on,39.433
2020-10-07 17:26:39,fan_on,38.946
2020-10-07 17:26:40,fan_on,37.972
2020-10-07 17:26:41,fan_on,38.459
2020-10-07 17:26:42,fan_on,38.946
2020-10-07 17:26:43,fan_on,37.972
2020-10-07 17:26:44,fan_on,39.433
2020-10-07 17:26:45,fan_on,39.92
2020-10-07 17:26:46,fan_on,38.946
2020-10-07 17:26:47,fan_on,39.92
2020-10-07 17:26:48,fan_on,39.92
2020-10-07 17:26:49,fan_on,40.894
2020-10-07 17:26:50,fan_on,41.381
2020-10-07 17:26:51,fan_on,39.92
2020-10-07 17:26:52,fan_on,39.433
2020-10-07 17:26:53,fan_on,38.946
2020-10-07 17:26:54,fan_on,38.946
2020-10-07 17:26:55,fan_on,38.946
2020-10-07 17:26:56,fan_on,38.459
2020-10-07 17:26:57,fan_on,39.433
2020-10-07 17:26:58,fan_on,39.433
2020-10-07 17:26:59,fan_on,40.894
2020-10-07 17:27:00,fan_on,38.946
2020-10-07 17:27:01,fan_on,39.92
2020-10-07 17:27:02,fan_on,39.433
2020-10-07 17:27:03,fan_on,40.407
2020-10-07 17:27:04,fan_on,40.407
2020-10-07 17:27:05,fan_on,38.946
2020-10-07 17:27:06,fan_on,39.433
2020-10-07 17:27:07,fan_on,39.433
2020-10-07 17:27:08,fan_on,39.433
2020-10-07 17:27:09,fan_on,39.92
2020-10-07 17:27:10,fan_on,39.433
2020-10-07 17:27:11,fan_on,39.92
2020-10-07 17:27:12,fan_on,38.946
2020-10-07 17:27:13,fan_on,39.92
2020-10-07 17:27:14,fan_on,39.433
2020-10-07 17:27:15,fan_on,38.946
2020-10-07 17:27:16,fan_on,38.459
2020-10-07 17:27:17,fan_on,39.433
2020-10-07 17:27:18,fan_on,38.459
2020-10-07 17:27:19,fan_on,37.972
2020-10-07 17:27:20,fan_on,38.459
2020-10-07 17:27:21,fan_on,37.972
2020-10-07 17:27:22,fan_on,37.485
2020-10-07 17:27:23,fan_on,37.485
2020-10-07 17:27:24,fan_on,38.459
2020-10-07 17:27:25,fan_on,38.459
2020-10-07 17:27:26,fan_on,36.511
2020-10-07 17:27:27,fan_on,37.972
2020-10-07 17:27:28,fan_on,37.485
2020-10-07 17:27:29,fan_on,37.972
2020-10-07 17:27:30,fan_on,39.433
2020-10-07 17:27:31,fan_on,38.946
2020-10-07 17:27:32,fan_on,40.407
2020-10-07 17:27:33,fan_on,40.407
2020-10-07 17:27:34,fan_on,38.946
2020-10-07 17:27:35,fan_on,39.433
2020-10-07 17:27:36,fan_on,38.946
2020-10-07 17:27:37,fan_on,37.972
2020-10-07 17:27:38,fan_on,38.459
2020-10-07 17:27:39,fan_on,37.972
2020-10-07 17:27:40,fan_on,37.485
2020-10-07 17:27:41,fan_on,39.433
2020-10-07 17:27:42,fan_on,37.972
2020-10-07 17:27:43,fan_on,38.946
2020-10-07 17:27:44,fan_on,37.972
2020-10-07 17:27:45,fan_on,37.485
2020-10-07 17:27:46,fan_on,37.485
2020-10-07 17:27:47,fan_on,38.459
2020-10-07 17:27:48,fan_on,37.972
2020-10-07 17:27:49,fan_on,37.485
2020-10-07 17:27:50,fan_on,38.459
2020-10-07 17:27:51,fan_on,36.998
2020-10-07 17:27:52,fan_on,38.459
2020-10-07 17:27:53,fan_on,37.485
